text,label
"From: Zenith Cloud <no-reply@login-confirm.tk>
Subject: Urgent: Your Account Will Be Suspended
We noticed a login attempt from a new location. If this wasn't you, secure your account right away at http://10.111.37.12/secure.

Failure to act within 24 hours will result in permanent suspension.",phishing
"From: Ivory Logistics <no-reply@company.com>
Subject: Weekly Team Standup Notes
Hello, thank you for subscribing to our newsletter. Here are this month's top articles and updates from our blog. https://company.com/verify

Cheers,
Mike",safe
"From: Cascade Airlines <no-reply@workspace.io>
Subject: Your Order Has Shipped
Hello, attached is your flight itinerary for the upcoming trip. Please check in online 24 hours before departure. https://www.workspace.io/verify

Ref ID: 741709

Best,
Alex",safe
"From: Vantage Systems <no-reply@account-alert.click>
Subject: You Have Won a Prize! Claim Now
We were unable to process your last payment. Update your billing information urgently at http://account-alert.click/secure to avoid service interruption.

This link will expire soon. Act now to avoid losing access.",phishing
"From: Vantage Systems <no-reply@login-confirm.tk>
Subject: Payment Failed - Update Your Billing Info
IMPORTANT: Your tax refund of $682 is pending. Provide your bank details at http://www.login-confirm.tk/confirm to receive the deposit immediately.",phishing
"From: Vantage Systems <no-reply@account-alert.click>
Subject: Action Required: Verify Your Identity Now
Your account has been temporarily suspended due to unusual activity. Please login immediately at https://account-alert.click/update to restore access.

Ref ID: 775933

Failure to act within 24 hours will result in permanent suspension.",phishing
"From: Orbit Retail <no-reply@login-confirm.tk>
Subject: Your Password Has Expired - Reset Immediately
IMPORTANT: Your tax refund of $2132 is pending. Provide your bank details at http://www.login-confirm.tk/account to receive the deposit immediately.

This link will expire soon. Act now to avoid losing access.",phishing
"From: Cascade Airlines <no-reply@billing-check.click>
Subject: Security Alert - Unusual Login Detected
Congratulations! You have been selected to receive a $750 gift card. Claim your reward now by visiting http://www.billing-check.click/confirm before it expires.",phishing
"From: Bluepeak Telecom <no-reply@secure-verify.info>
Subject: Action Required: Verify Your Identity Now
Your account has been temporarily suspended due to unusual activity. Please login immediately at http://www.secure-verify.info/account to restore access.",phishing
"From: Orbit Retail <no-reply@company.com>
Subject: Weekly Team Standup Notes
Hello, attached is your flight itinerary for the upcoming trip. Please check in online 24 hours before departure. https://www.company.com/update

Cheers,
Mike",safe
"From: Zenith Cloud <no-reply@orgmail.com>
Subject: Welcome to Our Service!
Hi team, just a reminder that our project sync is scheduled for tomorrow at 10am. Please review the attached agenda beforehand. https://www.orgmail.com/secure

Ref ID: 186422

Cheers,
Mike",safe
"From: Zenith Cloud <no-reply@login-confirm.tk>
Subject: Payment Failed - Update Your Billing Info
Your mailbox has exceeded its storage limit. Click http://59.232.206.148/account now to upgrade your storage and avoid losing your emails permanently.

Failure to act within 24 hours will result in permanent suspension.",phishing
"From: Northbridge Bank <no-reply@billing-check.click>
Subject: Security Alert - Unusual Login Detected
We noticed a login attempt from a new location. If this wasn't you, secure your account right away at https://www.billing-check.click/secure.

Our security team requires immediate confirmation.",phishing
"From: Meridian Health <no-reply@support-update.xyz>
Subject: Security Alert - Unusual Login Detected
This is an automated security notice. Someone tried to access your account from an unrecognized device. Verify it was you here: https://support-update.xyz/account

Ref ID: 336574",phishing
"From: Ivory Logistics <no-reply@orgmail.com>
Subject: Invoice #4521 for Your Recent Purchase
Hello, your order has shipped and is expected to arrive within 3-5 business days. You can track your package using the carrier's website. https://orgmail.com/secure

Ref ID: 818247

Cheers,
Mike",safe
"From: Orbit Retail <no-reply@workspace.io>
Subject: Meeting Reminder: Project Sync Tomorrow
Hi team, just a reminder that our project sync is scheduled for tomorrow at 10am. Please review the attached agenda beforehand. https://workspace.io/update

Ref ID: 686741

Best regards,
Sarah",safe
"From: Zenith Cloud <no-reply@orgmail.com>
Subject: Your Flight Itinerary Confirmation
Hello, thank you for subscribing to our newsletter. Here are this month's top articles and updates from our blog. https://orgmail.com/confirm

Best,
Alex",safe
"From: Vantage Systems <no-reply@orgmail.com>
Subject: Meeting Reminder: Project Sync Tomorrow
Welcome aboard! We're excited to have you join our platform. Feel free to explore your dashboard and reach out if you have questions. https://orgmail.com/secure

Thanks,
The Team",safe
"From: Northbridge Bank <no-reply@orgmail.com>
Subject: Your Monthly Newsletter
Hello, thank you for subscribing to our newsletter. Here are this month's top articles and updates from our blog. https://www.orgmail.com/update

Best,
Alex",safe
"From: Northbridge Bank <no-reply@company.com>
Subject: Invoice #4521 for Your Recent Purchase
Hello, thank you for subscribing to our newsletter. Here are this month's top articles and updates from our blog. https://company.com/secure

Best regards,
Sarah",safe
"From: Ivory Logistics <no-reply@orgmail.com>
Subject: Meeting Reminder: Project Sync Tomorrow
Hi, this is a friendly reminder about your dentist appointment scheduled for Friday at 2pm. Please call if you need to reschedule. https://www.orgmail.com/confirm

Ref ID: 685472

Cheers,
Mike",safe
"From: Bluepeak Telecom <no-reply@account-alert.click>
Subject: You Have Won a Prize! Claim Now
Congratulations! You have been selected to receive a $250 gift card. Claim your reward now by visiting http://137.68.161.202/login before it expires.

Failure to act within 24 hours will result in permanent suspension.",phishing
"From: Ivory Logistics <no-reply@orgmail.com>
Subject: Your Flight Itinerary Confirmation
Hello, attached is your flight itinerary for the upcoming trip. Please check in online 24 hours before departure. https://orgmail.com/account

Regards,
Customer Support",safe
"From: Cascade Airlines <no-reply@billing-check.click>
Subject: Final Notice: Account Deactivation Pending
Dear Michael, we detected suspicious activity on your account. Click the link below within 24 hours to verify your identity or your account will be locked: http://181.28.102.69/secure

Ref ID: 980155

Failure to act within 24 hours will result in permanent suspension.",phishing
"From: Orbit Retail <no-reply@secure-verify.info>
Subject: Your Password Has Expired - Reset Immediately
We noticed a login attempt from a new location. If this wasn't you, secure your account right away at http://97.181.149.141/confirm.

Ref ID: 272129",phishing
"From: Vantage Systems <no-reply@login-confirm.tk>
Subject: Payment Failed - Update Your Billing Info
We were unable to process your last payment. Update your billing information urgently at http://login-confirm.tk/confirm to avoid service interruption.

Our security team requires immediate confirmation.",phishing
"From: Northbridge Bank <no-reply@orgmail.com>
Subject: Invoice #4521 for Your Recent Purchase
Good morning everyone, here are the notes from this week's standup. Please add any comments directly in the shared doc. https://orgmail.com/confirm

Ref ID: 283027

Best,
Alex",safe
"From: Zenith Cloud <no-reply@login-confirm.tk>
Subject: Security Alert - Unusual Login Detected
Dear Liam, we detected suspicious activity on your account. Click the link below within 24 hours to verify your identity or your account will be locked: http://26.205.251.19/secure

Ref ID: 950544

Our security team requires immediate confirmation.",phishing
"From: Ivory Logistics <no-reply@billing-check.click>
Subject: Action Required: Verify Your Identity Now
Your mailbox has exceeded its storage limit. Click http://25.198.214.248/update now to upgrade your storage and avoid losing your emails permanently.

This link will expire soon. Act now to avoid losing access.",phishing
"From: Northbridge Bank <no-reply@billing-check.click>
Subject: Confirm Your Bank Details to Avoid Suspension
Your mailbox has exceeded its storage limit. Click https://www.billing-check.click/verify now to upgrade your storage and avoid losing your emails permanently.

Ref ID: 667851

Our security team requires immediate confirmation.",phishing
"From: Meridian Health <no-reply@support-update.xyz>
Subject: Confirm Your Bank Details to Avoid Suspension
IMPORTANT: Your tax refund of $1614 is pending. Provide your bank details at http://support-update.xyz/account to receive the deposit immediately.

This link will expire soon. Act now to avoid losing access.",phishing
"From: Meridian Health <no-reply@company.com>
Subject: Your Monthly Newsletter
Hello, thank you for subscribing to our newsletter. Here are this month's top articles and updates from our blog. https://company.com/confirm

Regards,
Customer Support",safe
"From: Northbridge Bank <no-reply@billing-check.click>
Subject: Action Required: Verify Your Identity Now
IMPORTANT: Your tax refund of $2879 is pending. Provide your bank details at http://100.24.25.73/verify to receive the deposit immediately.

Our security team requires immediate confirmation.",phishing
"From: Vantage Systems <no-reply@support-update.xyz>
Subject: Security Alert - Unusual Login Detected
Congratulations! You have been selected to receive a $750 gift card. Claim your reward now by visiting http://www.support-update.xyz/account before it expires.",phishing
"From: Cascade Airlines <no-reply@secure-verify.info>
Subject: You Have Won a Prize! Claim Now
Your account has been temporarily suspended due to unusual activity. Please login immediately at http://www.secure-verify.info/secure to restore access.

Ref ID: 195966

Failure to act within 24 hours will result in permanent suspension.",phishing
"From: Cascade Airlines <no-reply@teamhub.net>
Subject: Reminder: Dentist Appointment on Friday
Hi, this is a friendly reminder about your dentist appointment scheduled for Friday at 2pm. Please call if you need to reschedule. https://www.teamhub.net/secure

Ref ID: 583646

Thanks,
The Team",safe
"From: Meridian Health <no-reply@workspace.io>
Subject: Reminder: Dentist Appointment on Friday
Hello, thank you for subscribing to our newsletter. Here are this month's top articles and updates from our blog. https://workspace.io/update

Thanks,
The Team",safe
"From: Bluepeak Telecom <no-reply@workspace.io>
Subject: Welcome to Our Service!
Good morning everyone, here are the notes from this week's standup. Please add any comments directly in the shared doc. https://www.workspace.io/verify

Ref ID: 532637

Thanks,
The Team",safe
"From: Meridian Health <no-reply@company.com>
Subject: Your Order Has Shipped
Hi, your invoice for the recent purchase is attached. Total amount due is listed on the invoice. Let us know if you have any questions. https://company.com/verify

Ref ID: 155457

Cheers,
Mike",safe
"From: Orbit Retail <no-reply@support-update.xyz>
Subject: Final Notice: Account Deactivation Pending
Dear Customer, we detected suspicious activity on your account. Click the link below within 24 hours to verify your identity or your account will be locked: http://87.247.125.207/update

Failure to act within 24 hours will result in permanent suspension.",phishing
"From: Meridian Health <no-reply@secure-verify.info>
Subject: Action Required: Verify Your Identity Now
Dear Customer, we detected suspicious activity on your account. Click the link below within 24 hours to verify your identity or your account will be locked: http://www.secure-verify.info/secure

Ref ID: 986392",phishing
"From: Ivory Logistics <no-reply@login-confirm.tk>
Subject: Urgent: Your Account Will Be Suspended
This is an automated security notice. Someone tried to access your account from an unrecognized device. Verify it was you here: http://115.92.87.45/verify

This link will expire soon. Act now to avoid losing access.",phishing
"From: Ivory Logistics <no-reply@login-confirm.tk>
Subject: Payment Failed - Update Your Billing Info
We noticed a login attempt from a new location. If this wasn't you, secure your account right away at http://www.login-confirm.tk/secure.",phishing
"From: Cascade Airlines <no-reply@teamhub.net>
Subject: Meeting Reminder: Project Sync Tomorrow
Hi, your invoice for the recent purchase is attached. Total amount due is listed on the invoice. Let us know if you have any questions. https://www.teamhub.net/login

Best regards,
Sarah",safe
"From: Northbridge Bank <no-reply@company.com>
Subject: Your Flight Itinerary Confirmation
Welcome aboard! We're excited to have you join our platform. Feel free to explore your dashboard and reach out if you have questions. https://company.com/update

Cheers,
Mike",safe
"From: Cascade Airlines <no-reply@company.com>
Subject: Reminder: Dentist Appointment on Friday
Hi team, just a reminder that our project sync is scheduled for tomorrow at 10am. Please review the attached agenda beforehand. https://company.com/confirm

Best,
Alex",safe
"From: Orbit Retail <no-reply@orgmail.com>
Subject: Weekly Team Standup Notes
Hi team, just a reminder that our project sync is scheduled for tomorrow at 10am. Please review the attached agenda beforehand. https://orgmail.com/update

Ref ID: 934259

Cheers,
Mike",safe
"From: Cascade Airlines <no-reply@company.com>
Subject: Weekly Team Standup Notes
Hi, this is a friendly reminder about your dentist appointment scheduled for Friday at 2pm. Please call if you need to reschedule. https://www.company.com/verify

Cheers,
Mike",safe
"From: Ivory Logistics <no-reply@account-alert.click>
Subject: Your Password Has Expired - Reset Immediately
We were unable to process your last payment. Update your billing information urgently at http://www.account-alert.click/confirm to avoid service interruption.

Our security team requires immediate confirmation.",phishing
"From: Meridian Health <no-reply@support-update.xyz>
Subject: Urgent: Your Account Will Be Suspended
Your account has been temporarily suspended due to unusual activity. Please login immediately at http://45.2.80.105/secure to restore access.

Our security team requires immediate confirmation.",phishing
"From: Cascade Airlines <no-reply@billing-check.click>
Subject: Confirm Your Bank Details to Avoid Suspension
We noticed a login attempt from a new location. If this wasn't you, secure your account right away at https://www.billing-check.click/update.",phishing
"From: Bluepeak Telecom <no-reply@secure-verify.info>
Subject: Security Alert - Unusual Login Detected
We noticed a login attempt from a new location. If this wasn't you, secure your account right away at http://34.190.66.143/login.

Failure to act within 24 hours will result in permanent suspension.",phishing
"From: Northbridge Bank <no-reply@workspace.io>
Subject: Meeting Reminder: Project Sync Tomorrow
Hello, thank you for subscribing to our newsletter. Here are this month's top articles and updates from our blog. https://www.workspace.io/login

Ref ID: 714136

Cheers,
Mike",safe
"From: Vantage Systems <no-reply@account-alert.click>
Subject: Security Alert - Unusual Login Detected
Your mailbox has exceeded its storage limit. Click http://account-alert.click/update now to upgrade your storage and avoid losing your emails permanently.

Our security team requires immediate confirmation.",phishing
"From: Meridian Health <no-reply@login-confirm.tk>
Subject: Action Required: Verify Your Identity Now
Your mailbox has exceeded its storage limit. Click http://www.login-confirm.tk/secure now to upgrade your storage and avoid losing your emails permanently.

This link will expire soon. Act now to avoid losing access.",phishing
"From: Cascade Airlines <no-reply@teamhub.net>
Subject: Meeting Reminder: Project Sync Tomorrow
Hi team, just a reminder that our project sync is scheduled for tomorrow at 10am. Please review the attached agenda beforehand. https://teamhub.net/update

Ref ID: 605608

Cheers,
Mike",safe
"From: Northbridge Bank <no-reply@workspace.io>
Subject: Welcome to Our Service!
Welcome aboard! We're excited to have you join our platform. Feel free to explore your dashboard and reach out if you have questions. https://workspace.io/login

Thanks,
The Team",safe
"From: Zenith Cloud <no-reply@billing-check.click>
Subject: Urgent: Your Account Will Be Suspended
Dear Fatima, we detected suspicious activity on your account. Click the link below within 24 hours to verify your identity or your account will be locked: http://194.140.146.5/login

This link will expire soon. Act now to avoid losing access.",phishing
"From: Vantage Systems <no-reply@support-update.xyz>
Subject: You Have Won a Prize! Claim Now
Dear Emma, we detected suspicious activity on your account. Click the link below within 24 hours to verify your identity or your account will be locked: http://support-update.xyz/account

Ref ID: 229890

Failure to act within 24 hours will result in permanent suspension.",phishing
"From: Meridian Health <no-reply@company.com>
Subject: Your Flight Itinerary Confirmation
Good morning everyone, here are the notes from this week's standup. Please add any comments directly in the shared doc. https://www.company.com/secure

Best,
Alex",safe
"From: Meridian Health <no-reply@support-update.xyz>
Subject: You Have Won a Prize! Claim Now
Your mailbox has exceeded its storage limit. Click http://support-update.xyz/confirm now to upgrade your storage and avoid losing your emails permanently.",phishing
"From: Orbit Retail <no-reply@company.com>
Subject: Weekly Team Standup Notes
Hello, thank you for subscribing to our newsletter. Here are this month's top articles and updates from our blog. https://www.company.com/confirm

Ref ID: 788784

Thanks,
The Team",safe
"From: Orbit Retail <no-reply@teamhub.net>
Subject: Your Order Has Shipped
Hi, your invoice for the recent purchase is attached. Total amount due is listed on the invoice. Let us know if you have any questions. https://teamhub.net/account

Regards,
Customer Support",safe
"From: Cascade Airlines <no-reply@account-alert.click>
Subject: Urgent: Your Account Will Be Suspended
Your mailbox has exceeded its storage limit. Click http://account-alert.click/account now to upgrade your storage and avoid losing your emails permanently.

Our security team requires immediate confirmation.",phishing
"From: Northbridge Bank <no-reply@orgmail.com>
Subject: Your Flight Itinerary Confirmation
Hello, your order has shipped and is expected to arrive within 3-5 business days. You can track your package using the carrier's website. https://www.orgmail.com/secure

Thanks,
The Team",safe
"From: Bluepeak Telecom <no-reply@orgmail.com>
Subject: Weekly Team Standup Notes
Hello, thank you for subscribing to our newsletter. Here are this month's top articles and updates from our blog. https://www.orgmail.com/verify

Regards,
Customer Support",safe
"From: Vantage Systems <no-reply@billing-check.click>
Subject: Action Required: Verify Your Identity Now
Dear Customer, we detected suspicious activity on your account. Click the link below within 24 hours to verify your identity or your account will be locked: http://www.billing-check.click/secure",phishing
"From: Bluepeak Telecom <no-reply@billing-check.click>
Subject: You Have Won a Prize! Claim Now
Your account has been temporarily suspended due to unusual activity. Please login immediately at https://www.billing-check.click/update to restore access.

Our security team requires immediate confirmation.",phishing
"From: Northbridge Bank <no-reply@billing-check.click>
Subject: Security Alert - Unusual Login Detected
Your mailbox has exceeded its storage limit. Click https://billing-check.click/verify now to upgrade your storage and avoid losing your emails permanently.",phishing
"From: Cascade Airlines <no-reply@workspace.io>
Subject: Meeting Reminder: Project Sync Tomorrow
Hello, attached is your flight itinerary for the upcoming trip. Please check in online 24 hours before departure. https://workspace.io/secure

Ref ID: 621711

Cheers,
Mike",safe
"From: Cascade Airlines <no-reply@secure-verify.info>
Subject: Urgent: Your Account Will Be Suspended
IMPORTANT: Your tax refund of $2861 is pending. Provide your bank details at http://www.secure-verify.info/confirm to receive the deposit immediately.

This link will expire soon. Act now to avoid losing access.",phishing
"From: Cascade Airlines <no-reply@support-update.xyz>
Subject: Action Required: Verify Your Identity Now
Your account has been temporarily suspended due to unusual activity. Please login immediately at http://www.support-update.xyz/account to restore access.

Ref ID: 496922

Failure to act within 24 hours will result in permanent suspension.",phishing
"From: Cascade Airlines <no-reply@billing-check.click>
Subject: You Have Won a Prize! Claim Now
Congratulations! You have been selected to receive a $250 gift card. Claim your reward now by visiting http://129.160.208.31/login before it expires.",phishing
"From: Bluepeak Telecom <no-reply@secure-verify.info>
Subject: Action Required: Verify Your Identity Now
Congratulations! You have been selected to receive a $120 gift card. Claim your reward now by visiting https://www.secure-verify.info/account before it expires.

Ref ID: 575679

Our security team requires immediate confirmation.",phishing
"From: Vantage Systems <no-reply@teamhub.net>
Subject: Your Monthly Newsletter
Good morning everyone, here are the notes from this week's standup. Please add any comments directly in the shared doc. https://teamhub.net/account

Cheers,
Mike",safe
"From: Vantage Systems <no-reply@company.com>
Subject: Your Flight Itinerary Confirmation
Hi team, just a reminder that our project sync is scheduled for tomorrow at 10am. Please review the attached agenda beforehand. https://company.com/secure

Ref ID: 909930

Regards,
Customer Support",safe
"From: Bluepeak Telecom <no-reply@orgmail.com>
Subject: Your Monthly Newsletter
Hello, thank you for subscribing to our newsletter. Here are this month's top articles and updates from our blog. https://www.orgmail.com/verify

Cheers,
Mike",safe
"From: Ivory Logistics <no-reply@company.com>
Subject: Your Monthly Newsletter
Hi, your invoice for the recent purchase is attached. Total amount due is listed on the invoice. Let us know if you have any questions. https://company.com/verify

Best,
Alex",safe
"From: Cascade Airlines <no-reply@account-alert.click>
Subject: Final Notice: Account Deactivation Pending
Your mailbox has exceeded its storage limit. Click http://account-alert.click/secure now to upgrade your storage and avoid losing your emails permanently.

Ref ID: 731718

This link will expire soon. Act now to avoid losing access.",phishing
"From: Northbridge Bank <no-reply@account-alert.click>
Subject: Your Password Has Expired - Reset Immediately
Dear Priya, we detected suspicious activity on your account. Click the link below within 24 hours to verify your identity or your account will be locked: http://104.119.21.172/verify

Ref ID: 576728

Failure to act within 24 hours will result in permanent suspension.",phishing
"From: Ivory Logistics <no-reply@support-update.xyz>
Subject: Security Alert - Unusual Login Detected
This is an automated security notice. Someone tried to access your account from an unrecognized device. Verify it was you here: http://www.support-update.xyz/login

Our security team requires immediate confirmation.",phishing
"From: Cascade Airlines <no-reply@support-update.xyz>
Subject: Confirm Your Bank Details to Avoid Suspension
Dear Michael, we detected suspicious activity on your account. Click the link below within 24 hours to verify your identity or your account will be locked: https://support-update.xyz/verify

Ref ID: 299212",phishing
"From: Bluepeak Telecom <no-reply@workspace.io>
Subject: Your Order Has Shipped
Hello, attached is your flight itinerary for the upcoming trip. Please check in online 24 hours before departure. https://workspace.io/confirm

Thanks,
The Team",safe
"From: Zenith Cloud <no-reply@secure-verify.info>
Subject: Urgent: Your Account Will Be Suspended
Congratulations! You have been selected to receive a $250 gift card. Claim your reward now by visiting http://secure-verify.info/confirm before it expires.

Failure to act within 24 hours will result in permanent suspension.",phishing
"From: Vantage Systems <no-reply@account-alert.click>
Subject: Security Alert - Unusual Login Detected
Congratulations! You have been selected to receive a $50 gift card. Claim your reward now by visiting http://account-alert.click/confirm before it expires.

Ref ID: 772612

Our security team requires immediate confirmation.",phishing
"From: Zenith Cloud <no-reply@teamhub.net>
Subject: Welcome to Our Service!
Good morning everyone, here are the notes from this week's standup. Please add any comments directly in the shared doc. https://teamhub.net/login

Ref ID: 573469

Cheers,
Mike",safe
"From: Cascade Airlines <no-reply@billing-check.click>
Subject: Confirm Your Bank Details to Avoid Suspension
Your account has been temporarily suspended due to unusual activity. Please login immediately at http://billing-check.click/secure to restore access.

Failure to act within 24 hours will result in permanent suspension.",phishing
"From: Ivory Logistics <no-reply@support-update.xyz>
Subject: Confirm Your Bank Details to Avoid Suspension
Your account has been temporarily suspended due to unusual activity. Please login immediately at http://www.support-update.xyz/login to restore access.

Ref ID: 693868

This link will expire soon. Act now to avoid losing access.",phishing
"From: Northbridge Bank <no-reply@login-confirm.tk>
Subject: Action Required: Verify Your Identity Now
IMPORTANT: Your tax refund of $978 is pending. Provide your bank details at https://www.login-confirm.tk/account to receive the deposit immediately.

Ref ID: 843215",phishing
"From: Meridian Health <no-reply@secure-verify.info>
Subject: Security Alert - Unusual Login Detected
Your mailbox has exceeded its storage limit. Click http://126.7.73.105/secure now to upgrade your storage and avoid losing your emails permanently.

Our security team requires immediate confirmation.",phishing
"From: Northbridge Bank <no-reply@orgmail.com>
Subject: Invoice #4521 for Your Recent Purchase
Hi, your invoice for the recent purchase is attached. Total amount due is listed on the invoice. Let us know if you have any questions. https://orgmail.com/verify

Ref ID: 319606

Best,
Alex",safe
"From: Orbit Retail <no-reply@teamhub.net>
Subject: Invoice #4521 for Your Recent Purchase
Good morning everyone, here are the notes from this week's standup. Please add any comments directly in the shared doc. https://www.teamhub.net/update

Ref ID: 613731

Regards,
Customer Support",safe
"From: Zenith Cloud <no-reply@billing-check.click>
Subject: Payment Failed - Update Your Billing Info
Your account has been temporarily suspended due to unusual activity. Please login immediately at http://billing-check.click/account to restore access.

Ref ID: 824161

This link will expire soon. Act now to avoid losing access.",phishing
"From: Cascade Airlines <no-reply@company.com>
Subject: Welcome to Our Service!
Hi, this is a friendly reminder about your dentist appointment scheduled for Friday at 2pm. Please call if you need to reschedule. https://company.com/confirm

Ref ID: 273659

Best regards,
Sarah",safe
"From: Zenith Cloud <no-reply@login-confirm.tk>
Subject: Final Notice: Account Deactivation Pending
Your account has been temporarily suspended due to unusual activity. Please login immediately at https://login-confirm.tk/update to restore access.

Failure to act within 24 hours will result in permanent suspension.",phishing
"From: Northbridge Bank <no-reply@workspace.io>
Subject: Your Flight Itinerary Confirmation
Welcome aboard! We're excited to have you join our platform. Feel free to explore your dashboard and reach out if you have questions. https://workspace.io/confirm

Best,
Alex",safe
"From: Meridian Health <no-reply@company.com>
Subject: Weekly Team Standup Notes
Hello, thank you for subscribing to our newsletter. Here are this month's top articles and updates from our blog. https://www.company.com/login

Ref ID: 633618

Cheers,
Mike",safe
"From: Orbit Retail <no-reply@support-update.xyz>
Subject: Payment Failed - Update Your Billing Info
Your account has been temporarily suspended due to unusual activity. Please login immediately at http://156.75.61.244/confirm to restore access.

This link will expire soon. Act now to avoid losing access.",phishing
"From: Orbit Retail <no-reply@account-alert.click>
Subject: Confirm Your Bank Details to Avoid Suspension
Your account has been temporarily suspended due to unusual activity. Please login immediately at http://www.account-alert.click/update to restore access.",phishing
"From: Ivory Logistics <no-reply@support-update.xyz>
Subject: Final Notice: Account Deactivation Pending
Your mailbox has exceeded its storage limit. Click http://support-update.xyz/account now to upgrade your storage and avoid losing your emails permanently.

This link will expire soon. Act now to avoid losing access.",phishing
"From: Orbit Retail <no-reply@teamhub.net>
Subject: Your Monthly Newsletter
Good morning everyone, here are the notes from this week's standup. Please add any comments directly in the shared doc. https://www.teamhub.net/confirm

Best regards,
Sarah",safe
"From: Meridian Health <no-reply@support-update.xyz>
Subject: Security Alert - Unusual Login Detected
We were unable to process your last payment. Update your billing information urgently at http://www.support-update.xyz/login to avoid service interruption.

Failure to act within 24 hours will result in permanent suspension.",phishing
"From: Vantage Systems <no-reply@company.com>
Subject: Your Order Has Shipped
Good morning everyone, here are the notes from this week's standup. Please add any comments directly in the shared doc. https://company.com/login

Regards,
Customer Support",safe
"From: Orbit Retail <no-reply@billing-check.click>
Subject: You Have Won a Prize! Claim Now
IMPORTANT: Your tax refund of $1610 is pending. Provide your bank details at http://153.247.129.254/secure to receive the deposit immediately.",phishing
"From: Cascade Airlines <no-reply@secure-verify.info>
Subject: Urgent: Your Account Will Be Suspended
IMPORTANT: Your tax refund of $2241 is pending. Provide your bank details at http://www.secure-verify.info/login to receive the deposit immediately.

Our security team requires immediate confirmation.",phishing
"From: Vantage Systems <no-reply@teamhub.net>
Subject: Your Flight Itinerary Confirmation
Hello, attached is your flight itinerary for the upcoming trip. Please check in online 24 hours before departure. https://www.teamhub.net/secure

Ref ID: 673929

Cheers,
Mike",safe
"From: Northbridge Bank <no-reply@account-alert.click>
Subject: You Have Won a Prize! Claim Now
Your account has been temporarily suspended due to unusual activity. Please login immediately at https://www.account-alert.click/secure to restore access.",phishing
"From: Cascade Airlines <no-reply@account-alert.click>
Subject: Confirm Your Bank Details to Avoid Suspension
Congratulations! You have been selected to receive a $250 gift card. Claim your reward now by visiting http://61.22.102.227/secure before it expires.",phishing
"From: Vantage Systems <no-reply@support-update.xyz>
Subject: Action Required: Verify Your Identity Now
We noticed a login attempt from a new location. If this wasn't you, secure your account right away at http://191.58.11.218/account.

This link will expire soon. Act now to avoid losing access.",phishing
"From: Bluepeak Telecom <no-reply@login-confirm.tk>
Subject: Final Notice: Account Deactivation Pending
IMPORTANT: Your tax refund of $2153 is pending. Provide your bank details at http://117.199.10.220/secure to receive the deposit immediately.

Ref ID: 468845

Our security team requires immediate confirmation.",phishing
"From: Ivory Logistics <no-reply@support-update.xyz>
Subject: Urgent: Your Account Will Be Suspended
Dear John, we detected suspicious activity on your account. Click the link below within 24 hours to verify your identity or your account will be locked: http://12.114.129.156/confirm

Ref ID: 494763

Our security team requires immediate confirmation.",phishing
"From: Northbridge Bank <no-reply@orgmail.com>
Subject: Your Monthly Newsletter
Hello, attached is your flight itinerary for the upcoming trip. Please check in online 24 hours before departure. https://orgmail.com/account

Ref ID: 217683

Cheers,
Mike",safe
"From: Orbit Retail <no-reply@account-alert.click>
Subject: Payment Failed - Update Your Billing Info
Your account has been temporarily suspended due to unusual activity. Please login immediately at https://account-alert.click/update to restore access.

Ref ID: 774079",phishing
"From: Ivory Logistics <no-reply@support-update.xyz>
Subject: Security Alert - Unusual Login Detected
We noticed a login attempt from a new location. If this wasn't you, secure your account right away at https://support-update.xyz/update.",phishing
"From: Bluepeak Telecom <no-reply@orgmail.com>
Subject: Your Flight Itinerary Confirmation
Hello, thank you for subscribing to our newsletter. Here are this month's top articles and updates from our blog. https://orgmail.com/account

Ref ID: 414070

Cheers,
Mike",safe
"From: Northbridge Bank <no-reply@account-alert.click>
Subject: Final Notice: Account Deactivation Pending
Your account has been temporarily suspended due to unusual activity. Please login immediately at http://account-alert.click/confirm to restore access.

Ref ID: 851690

Our security team requires immediate confirmation.",phishing
"From: Bluepeak Telecom <no-reply@orgmail.com>
Subject: Your Monthly Newsletter
Hello, thank you for subscribing to our newsletter. Here are this month's top articles and updates from our blog. https://www.orgmail.com/account

Regards,
Customer Support",safe
"From: Orbit Retail <no-reply@workspace.io>
Subject: Invoice #4521 for Your Recent Purchase
Hi, this is a friendly reminder about your dentist appointment scheduled for Friday at 2pm. Please call if you need to reschedule. https://www.workspace.io/secure

Ref ID: 283877

Thanks,
The Team",safe
"From: Zenith Cloud <no-reply@support-update.xyz>
Subject: Action Required: Verify Your Identity Now
We were unable to process your last payment. Update your billing information urgently at http://143.214.76.156/login to avoid service interruption.

Failure to act within 24 hours will result in permanent suspension.",phishing
"From: Meridian Health <no-reply@login-confirm.tk>
Subject: You Have Won a Prize! Claim Now
We were unable to process your last payment. Update your billing information urgently at http://login-confirm.tk/verify to avoid service interruption.",phishing
"From: Northbridge Bank <no-reply@company.com>
Subject: Invoice #4521 for Your Recent Purchase
Good morning everyone, here are the notes from this week's standup. Please add any comments directly in the shared doc. https://company.com/secure

Cheers,
Mike",safe
"From: Ivory Logistics <no-reply@company.com>
Subject: Invoice #4521 for Your Recent Purchase
Hello, attached is your flight itinerary for the upcoming trip. Please check in online 24 hours before departure. https://www.company.com/verify

Ref ID: 540656

Cheers,
Mike",safe
"From: Vantage Systems <no-reply@secure-verify.info>
Subject: Your Password Has Expired - Reset Immediately
Congratulations! You have been selected to receive a $999 gift card. Claim your reward now by visiting http://www.secure-verify.info/account before it expires.

Failure to act within 24 hours will result in permanent suspension.",phishing
"From: Vantage Systems <no-reply@orgmail.com>
Subject: Weekly Team Standup Notes
Hi, this is a friendly reminder about your dentist appointment scheduled for Friday at 2pm. Please call if you need to reschedule. https://www.orgmail.com/verify

Cheers,
Mike",safe
"From: Cascade Airlines <no-reply@teamhub.net>
Subject: Weekly Team Standup Notes
Hi team, just a reminder that our project sync is scheduled for tomorrow at 10am. Please review the attached agenda beforehand. https://www.teamhub.net/account

Best,
Alex",safe
"From: Ivory Logistics <no-reply@billing-check.click>
Subject: Your Password Has Expired - Reset Immediately
We were unable to process your last payment. Update your billing information urgently at http://42.215.58.191/verify to avoid service interruption.

Failure to act within 24 hours will result in permanent suspension.",phishing
"From: Bluepeak Telecom <no-reply@teamhub.net>
Subject: Your Monthly Newsletter
Hi, your invoice for the recent purchase is attached. Total amount due is listed on the invoice. Let us know if you have any questions. https://www.teamhub.net/secure

Cheers,
Mike",safe
"From: Meridian Health <no-reply@orgmail.com>
Subject: Your Monthly Newsletter
Hi team, just a reminder that our project sync is scheduled for tomorrow at 10am. Please review the attached agenda beforehand. https://www.orgmail.com/verify

Ref ID: 346729

Regards,
Customer Support",safe
"From: Bluepeak Telecom <no-reply@company.com>
Subject: Welcome to Our Service!
Good morning everyone, here are the notes from this week's standup. Please add any comments directly in the shared doc. https://www.company.com/account

Cheers,
Mike",safe
"From: Ivory Logistics <no-reply@support-update.xyz>
Subject: Security Alert - Unusual Login Detected
Dear Wei, we detected suspicious activity on your account. Click the link below within 24 hours to verify your identity or your account will be locked: http://174.219.69.222/confirm

Ref ID: 443254

This link will expire soon. Act now to avoid losing access.",phishing
"From: Orbit Retail <no-reply@billing-check.click>
Subject: Payment Failed - Update Your Billing Info
Your account has been temporarily suspended due to unusual activity. Please login immediately at https://www.billing-check.click/confirm to restore access.

Ref ID: 495019

This link will expire soon. Act now to avoid losing access.",phishing
"From: Meridian Health <no-reply@orgmail.com>
Subject: Reminder: Dentist Appointment on Friday
Welcome aboard! We're excited to have you join our platform. Feel free to explore your dashboard and reach out if you have questions. https://www.orgmail.com/secure

Thanks,
The Team",safe
"From: Vantage Systems <no-reply@billing-check.click>
Subject: Payment Failed - Update Your Billing Info
Dear Customer, we detected suspicious activity on your account. Click the link below within 24 hours to verify your identity or your account will be locked: https://www.billing-check.click/login

This link will expire soon. Act now to avoid losing access.",phishing
"From: Zenith Cloud <no-reply@company.com>
Subject: Reminder: Dentist Appointment on Friday
Hi, your invoice for the recent purchase is attached. Total amount due is listed on the invoice. Let us know if you have any questions. https://www.company.com/update

Best,
Alex",safe
"From: Meridian Health <no-reply@orgmail.com>
Subject: Your Order Has Shipped
Welcome aboard! We're excited to have you join our platform. Feel free to explore your dashboard and reach out if you have questions. https://www.orgmail.com/secure

Best regards,
Sarah",safe
"From: Northbridge Bank <no-reply@login-confirm.tk>
Subject: Action Required: Verify Your Identity Now
IMPORTANT: Your tax refund of $2009 is pending. Provide your bank details at http://login-confirm.tk/account to receive the deposit immediately.",phishing
"From: Zenith Cloud <no-reply@login-confirm.tk>
Subject: Security Alert - Unusual Login Detected
We noticed a login attempt from a new location. If this wasn't you, secure your account right away at http://105.64.137.188/confirm.

Our security team requires immediate confirmation.",phishing
"From: Orbit Retail <no-reply@teamhub.net>
Subject: Your Flight Itinerary Confirmation
Hello, your order has shipped and is expected to arrive within 3-5 business days. You can track your package using the carrier's website. https://www.teamhub.net/secure

Ref ID: 481104

Regards,
Customer Support",safe
"From: Ivory Logistics <no-reply@secure-verify.info>
Subject: Confirm Your Bank Details to Avoid Suspension
Congratulations! You have been selected to receive a $500 gift card. Claim your reward now by visiting http://81.25.114.141/account before it expires.

Failure to act within 24 hours will result in permanent suspension.",phishing
"From: Orbit Retail <no-reply@support-update.xyz>
Subject: You Have Won a Prize! Claim Now
This is an automated security notice. Someone tried to access your account from an unrecognized device. Verify it was you here: https://support-update.xyz/verify",phishing
"From: Meridian Health <no-reply@secure-verify.info>
Subject: Security Alert - Unusual Login Detected
IMPORTANT: Your tax refund of $1717 is pending. Provide your bank details at https://secure-verify.info/update to receive the deposit immediately.

Ref ID: 566297

This link will expire soon. Act now to avoid losing access.",phishing
"From: Vantage Systems <no-reply@login-confirm.tk>
Subject: Confirm Your Bank Details to Avoid Suspension
This is an automated security notice. Someone tried to access your account from an unrecognized device. Verify it was you here: http://login-confirm.tk/login

This link will expire soon. Act now to avoid losing access.",phishing
"From: Vantage Systems <no-reply@secure-verify.info>
Subject: Urgent: Your Account Will Be Suspended
Dear Michael, we detected suspicious activity on your account. Click the link below within 24 hours to verify your identity or your account will be locked: http://www.secure-verify.info/secure",phishing
"From: Ivory Logistics <no-reply@workspace.io>
Subject: Your Order Has Shipped
Hello, thank you for subscribing to our newsletter. Here are this month's top articles and updates from our blog. https://workspace.io/secure

Thanks,
The Team",safe
"From: Zenith Cloud <no-reply@workspace.io>
Subject: Your Monthly Newsletter
Hello, thank you for subscribing to our newsletter. Here are this month's top articles and updates from our blog. https://www.workspace.io/account

Cheers,
Mike",safe
"From: Cascade Airlines <no-reply@support-update.xyz>
Subject: Payment Failed - Update Your Billing Info
We noticed a login attempt from a new location. If this wasn't you, secure your account right away at http://50.112.69.192/confirm.

This link will expire soon. Act now to avoid losing access.",phishing
"From: Bluepeak Telecom <no-reply@orgmail.com>
Subject: Your Flight Itinerary Confirmation
Hello, thank you for subscribing to our newsletter. Here are this month's top articles and updates from our blog. https://www.orgmail.com/update

Thanks,
The Team",safe
"From: Zenith Cloud <no-reply@billing-check.click>
Subject: Action Required: Verify Your Identity Now
Dear User, we detected suspicious activity on your account. Click the link below within 24 hours to verify your identity or your account will be locked: http://25.203.146.161/account",phishing
"From: Northbridge Bank <no-reply@account-alert.click>
Subject: Action Required: Verify Your Identity Now
We were unable to process your last payment. Update your billing information urgently at http://66.198.181.240/confirm to avoid service interruption.

Our security team requires immediate confirmation.",phishing
"From: Northbridge Bank <no-reply@account-alert.click>
Subject: You Have Won a Prize! Claim Now
This is an automated security notice. Someone tried to access your account from an unrecognized device. Verify it was you here: https://www.account-alert.click/update

Ref ID: 599948

This link will expire soon. Act now to avoid losing access.",phishing
"From: Cascade Airlines <no-reply@secure-verify.info>
Subject: Urgent: Your Account Will Be Suspended
IMPORTANT: Your tax refund of $556 is pending. Provide your bank details at http://170.75.132.82/secure to receive the deposit immediately.

Ref ID: 516656

Our security team requires immediate confirmation.",phishing
"From: Cascade Airlines <no-reply@support-update.xyz>
Subject: Payment Failed - Update Your Billing Info
We were unable to process your last payment. Update your billing information urgently at http://support-update.xyz/update to avoid service interruption.

Our security team requires immediate confirmation.",phishing
"From: Zenith Cloud <no-reply@workspace.io>
Subject: Reminder: Dentist Appointment on Friday
Hello, your order has shipped and is expected to arrive within 3-5 business days. You can track your package using the carrier's website. https://www.workspace.io/verify

Ref ID: 941325

Regards,
Customer Support",safe
"From: Ivory Logistics <no-reply@login-confirm.tk>
Subject: Action Required: Verify Your Identity Now
We were unable to process your last payment. Update your billing information urgently at http://login-confirm.tk/account to avoid service interruption.

Ref ID: 992562

Failure to act within 24 hours will result in permanent suspension.",phishing
"From: Ivory Logistics <no-reply@support-update.xyz>
Subject: Urgent: Your Account Will Be Suspended
Congratulations! You have been selected to receive a $500 gift card. Claim your reward now by visiting http://www.support-update.xyz/secure before it expires.

Failure to act within 24 hours will result in permanent suspension.",phishing
"From: Ivory Logistics <no-reply@login-confirm.tk>
Subject: Payment Failed - Update Your Billing Info
Dear John, we detected suspicious activity on your account. Click the link below within 24 hours to verify your identity or your account will be locked: http://login-confirm.tk/update

This link will expire soon. Act now to avoid losing access.",phishing
"From: Bluepeak Telecom <no-reply@workspace.io>
Subject: Your Flight Itinerary Confirmation
Hello, thank you for subscribing to our newsletter. Here are this month's top articles and updates from our blog. https://workspace.io/login

Ref ID: 956835

Regards,
Customer Support",safe
"From: Northbridge Bank <no-reply@billing-check.click>
Subject: Payment Failed - Update Your Billing Info
Your mailbox has exceeded its storage limit. Click http://www.billing-check.click/update now to upgrade your storage and avoid losing your emails permanently.

Our security team requires immediate confirmation.",phishing
"From: Bluepeak Telecom <no-reply@login-confirm.tk>
Subject: Confirm Your Bank Details to Avoid Suspension
Your mailbox has exceeded its storage limit. Click http://124.208.52.7/login now to upgrade your storage and avoid losing your emails permanently.

Ref ID: 727094

Our security team requires immediate confirmation.",phishing
"From: Bluepeak Telecom <no-reply@billing-check.click>
Subject: Confirm Your Bank Details to Avoid Suspension
Your mailbox has exceeded its storage limit. Click http://billing-check.click/confirm now to upgrade your storage and avoid losing your emails permanently.

Ref ID: 358133

This link will expire soon. Act now to avoid losing access.",phishing
"From: Zenith Cloud <no-reply@company.com>
Subject: Meeting Reminder: Project Sync Tomorrow
Hello, attached is your flight itinerary for the upcoming trip. Please check in online 24 hours before departure. https://company.com/login

Cheers,
Mike",safe
"From: Meridian Health <no-reply@secure-verify.info>
Subject: Payment Failed - Update Your Billing Info
Your mailbox has exceeded its storage limit. Click https://secure-verify.info/account now to upgrade your storage and avoid losing your emails permanently.

This link will expire soon. Act now to avoid losing access.",phishing
"From: Orbit Retail <no-reply@company.com>
Subject: Reminder: Dentist Appointment on Friday
Hello, attached is your flight itinerary for the upcoming trip. Please check in online 24 hours before departure. https://www.company.com/login

Thanks,
The Team",safe
"From: Vantage Systems <no-reply@login-confirm.tk>
Subject: You Have Won a Prize! Claim Now
Your mailbox has exceeded its storage limit. Click http://login-confirm.tk/verify now to upgrade your storage and avoid losing your emails permanently.

Ref ID: 462814",phishing
"From: Cascade Airlines <no-reply@orgmail.com>
Subject: Reminder: Dentist Appointment on Friday
Hello, attached is your flight itinerary for the upcoming trip. Please check in online 24 hours before departure. https://www.orgmail.com/confirm

Best regards,
Sarah",safe
"From: Cascade Airlines <no-reply@billing-check.click>
Subject: Your Password Has Expired - Reset Immediately
IMPORTANT: Your tax refund of $1295 is pending. Provide your bank details at http://97.116.160.82/login to receive the deposit immediately.",phishing
"From: Bluepeak Telecom <no-reply@teamhub.net>
Subject: Reminder: Dentist Appointment on Friday
Hello, thank you for subscribing to our newsletter. Here are this month's top articles and updates from our blog. https://teamhub.net/verify

Ref ID: 953610

Best,
Alex",safe
"From: Meridian Health <no-reply@workspace.io>
Subject: Your Order Has Shipped
Hi team, just a reminder that our project sync is scheduled for tomorrow at 10am. Please review the attached agenda beforehand. https://workspace.io/login

Ref ID: 151047

Cheers,
Mike",safe
"From: Orbit Retail <no-reply@support-update.xyz>
Subject: Security Alert - Unusual Login Detected
We noticed a login attempt from a new location. If this wasn't you, secure your account right away at http://support-update.xyz/confirm.

This link will expire soon. Act now to avoid losing access.",phishing
"From: Orbit Retail <no-reply@orgmail.com>
Subject: Your Flight Itinerary Confirmation
Good morning everyone, here are the notes from this week's standup. Please add any comments directly in the shared doc. https://orgmail.com/update

Ref ID: 971733

Best,
Alex",safe
"From: Bluepeak Telecom <no-reply@orgmail.com>
Subject: Meeting Reminder: Project Sync Tomorrow
Welcome aboard! We're excited to have you join our platform. Feel free to explore your dashboard and reach out if you have questions. https://www.orgmail.com/secure

Regards,
Customer Support",safe
"From: Ivory Logistics <no-reply@workspace.io>
Subject: Your Monthly Newsletter
Welcome aboard! We're excited to have you join our platform. Feel free to explore your dashboard and reach out if you have questions. https://www.workspace.io/update

Ref ID: 971051

Regards,
Customer Support",safe
"From: Vantage Systems <no-reply@secure-verify.info>
Subject: Your Password Has Expired - Reset Immediately
Your account has been temporarily suspended due to unusual activity. Please login immediately at http://156.221.202.128/login to restore access.

Our security team requires immediate confirmation.",phishing
"From: Meridian Health <no-reply@support-update.xyz>
Subject: You Have Won a Prize! Claim Now
This is an automated security notice. Someone tried to access your account from an unrecognized device. Verify it was you here: https://support-update.xyz/account

Our security team requires immediate confirmation.",phishing
"From: Meridian Health <no-reply@teamhub.net>
Subject: Welcome to Our Service!
Hello, attached is your flight itinerary for the upcoming trip. Please check in online 24 hours before departure. https://www.teamhub.net/verify

Ref ID: 712916

Regards,
Customer Support",safe
"From: Cascade Airlines <no-reply@billing-check.click>
Subject: Urgent: Your Account Will Be Suspended
Congratulations! You have been selected to receive a $750 gift card. Claim your reward now by visiting https://billing-check.click/verify before it expires.

This link will expire soon. Act now to avoid losing access.",phishing
"From: Ivory Logistics <no-reply@billing-check.click>
Subject: Confirm Your Bank Details to Avoid Suspension
We noticed a login attempt from a new location. If this wasn't you, secure your account right away at https://www.billing-check.click/verify.",phishing
"From: Cascade Airlines <no-reply@workspace.io>
Subject: Your Monthly Newsletter
Hi team, just a reminder that our project sync is scheduled for tomorrow at 10am. Please review the attached agenda beforehand. https://www.workspace.io/secure

Ref ID: 636526

Best,
Alex",safe
"From: Orbit Retail <no-reply@workspace.io>
Subject: Invoice #4521 for Your Recent Purchase
Hi, this is a friendly reminder about your dentist appointment scheduled for Friday at 2pm. Please call if you need to reschedule. https://workspace.io/confirm

Ref ID: 708222

Cheers,
Mike",safe
"From: Northbridge Bank <no-reply@company.com>
Subject: Your Flight Itinerary Confirmation
Hi, your invoice for the recent purchase is attached. Total amount due is listed on the invoice. Let us know if you have any questions. https://company.com/login

Best,
Alex",safe
"From: Zenith Cloud <no-reply@account-alert.click>
Subject: Your Password Has Expired - Reset Immediately
Your mailbox has exceeded its storage limit. Click http://account-alert.click/secure now to upgrade your storage and avoid losing your emails permanently.

This link will expire soon. Act now to avoid losing access.",phishing
"From: Vantage Systems <no-reply@teamhub.net>
Subject: Your Order Has Shipped
Hi team, just a reminder that our project sync is scheduled for tomorrow at 10am. Please review the attached agenda beforehand. https://teamhub.net/secure

Thanks,
The Team",safe
"From: Northbridge Bank <no-reply@billing-check.click>
Subject: Your Password Has Expired - Reset Immediately
Your account has been temporarily suspended due to unusual activity. Please login immediately at http://122.224.81.94/login to restore access.

Our security team requires immediate confirmation.",phishing
"From: Ivory Logistics <no-reply@billing-check.click>
Subject: Confirm Your Bank Details to Avoid Suspension
We noticed a login attempt from a new location. If this wasn't you, secure your account right away at http://65.76.216.29/login.

Ref ID: 350021",phishing
"From: Meridian Health <no-reply@company.com>
Subject: Your Monthly Newsletter
Hi, your invoice for the recent purchase is attached. Total amount due is listed on the invoice. Let us know if you have any questions. https://www.company.com/account

Best,
Alex",safe
"From: Orbit Retail <no-reply@teamhub.net>
Subject: Your Order Has Shipped
Hello, your order has shipped and is expected to arrive within 3-5 business days. You can track your package using the carrier's website. https://teamhub.net/confirm

Ref ID: 640403

Regards,
Customer Support",safe
"From: Meridian Health <no-reply@orgmail.com>
Subject: Your Flight Itinerary Confirmation
Hello, your order has shipped and is expected to arrive within 3-5 business days. You can track your package using the carrier's website. https://www.orgmail.com/verify

Ref ID: 509054

Best regards,
Sarah",safe
"From: Northbridge Bank <no-reply@secure-verify.info>
Subject: Your Password Has Expired - Reset Immediately
Your mailbox has exceeded its storage limit. Click http://119.13.136.8/update now to upgrade your storage and avoid losing your emails permanently.

Our security team requires immediate confirmation.",phishing
"From: Zenith Cloud <no-reply@account-alert.click>
Subject: Payment Failed - Update Your Billing Info
Congratulations! You have been selected to receive a $120 gift card. Claim your reward now by visiting http://159.219.204.93/update before it expires.

Failure to act within 24 hours will result in permanent suspension.",phishing
"From: Meridian Health <no-reply@support-update.xyz>
Subject: Action Required: Verify Your Identity Now
We were unable to process your last payment. Update your billing information urgently at http://support-update.xyz/verify to avoid service interruption.

Ref ID: 427704

Our security team requires immediate confirmation.",phishing
"From: Orbit Retail <no-reply@teamhub.net>
Subject: Your Flight Itinerary Confirmation
Good morning everyone, here are the notes from this week's standup. Please add any comments directly in the shared doc. https://teamhub.net/account

Cheers,
Mike",safe
"From: Bluepeak Telecom <no-reply@orgmail.com>
Subject: Your Order Has Shipped
Welcome aboard! We're excited to have you join our platform. Feel free to explore your dashboard and reach out if you have questions. https://orgmail.com/verify

Best,
Alex",safe
"From: Bluepeak Telecom <no-reply@orgmail.com>
Subject: Your Order Has Shipped
Hi, your invoice for the recent purchase is attached. Total amount due is listed on the invoice. Let us know if you have any questions. https://www.orgmail.com/verify

Ref ID: 912323

Regards,
Customer Support",safe
"From: Vantage Systems <no-reply@company.com>
Subject: Reminder: Dentist Appointment on Friday
Welcome aboard! We're excited to have you join our platform. Feel free to explore your dashboard and reach out if you have questions. https://company.com/secure

Ref ID: 356092

Thanks,
The Team",safe
"From: Bluepeak Telecom <no-reply@teamhub.net>
Subject: Your Monthly Newsletter
Hi, your invoice for the recent purchase is attached. Total amount due is listed on the invoice. Let us know if you have any questions. https://teamhub.net/account

Ref ID: 769018

Best,
Alex",safe
"From: Northbridge Bank <no-reply@workspace.io>
Subject: Your Order Has Shipped
Hello, attached is your flight itinerary for the upcoming trip. Please check in online 24 hours before departure. https://workspace.io/verify

Cheers,
Mike",safe
"From: Ivory Logistics <no-reply@support-update.xyz>
Subject: Your Password Has Expired - Reset Immediately
Congratulations! You have been selected to receive a $750 gift card. Claim your reward now by visiting https://support-update.xyz/confirm before it expires.

Our security team requires immediate confirmation.",phishing
"From: Zenith Cloud <no-reply@account-alert.click>
Subject: Urgent: Your Account Will Be Suspended
We noticed a login attempt from a new location. If this wasn't you, secure your account right away at http://www.account-alert.click/secure.

Ref ID: 444207

Our security team requires immediate confirmation.",phishing
"From: Orbit Retail <no-reply@secure-verify.info>
Subject: You Have Won a Prize! Claim Now
We were unable to process your last payment. Update your billing information urgently at http://181.58.111.120/verify to avoid service interruption.

Ref ID: 736745

Failure to act within 24 hours will result in permanent suspension.",phishing
"From: Northbridge Bank <no-reply@support-update.xyz>
Subject: Your Password Has Expired - Reset Immediately
Your mailbox has exceeded its storage limit. Click http://30.240.9.192/secure now to upgrade your storage and avoid losing your emails permanently.

Ref ID: 171951

Failure to act within 24 hours will result in permanent suspension.",phishing
"From: Cascade Airlines <no-reply@support-update.xyz>
Subject: Security Alert - Unusual Login Detected
We were unable to process your last payment. Update your billing information urgently at http://12.238.147.174/secure to avoid service interruption.

Our security team requires immediate confirmation.",phishing
"From: Vantage Systems <no-reply@login-confirm.tk>
Subject: You Have Won a Prize! Claim Now
Dear Priya, we detected suspicious activity on your account. Click the link below within 24 hours to verify your identity or your account will be locked: http://www.login-confirm.tk/update",phishing
"From: Orbit Retail <no-reply@account-alert.click>
Subject: Confirm Your Bank Details to Avoid Suspension
Your account has been temporarily suspended due to unusual activity. Please login immediately at http://www.account-alert.click/confirm to restore access.

Ref ID: 911032

This link will expire soon. Act now to avoid losing access.",phishing
"From: Orbit Retail <no-reply@workspace.io>
Subject: Welcome to Our Service!
Welcome aboard! We're excited to have you join our platform. Feel free to explore your dashboard and reach out if you have questions. https://workspace.io/confirm

Best,
Alex",safe
"From: Cascade Airlines <no-reply@support-update.xyz>
Subject: Final Notice: Account Deactivation Pending
We noticed a login attempt from a new location. If this wasn't you, secure your account right away at http://58.69.35.71/update.

Ref ID: 102689

Our security team requires immediate confirmation.",phishing
"From: Cascade Airlines <no-reply@billing-check.click>
Subject: Urgent: Your Account Will Be Suspended
We were unable to process your last payment. Update your billing information urgently at https://www.billing-check.click/login to avoid service interruption.

This link will expire soon. Act now to avoid losing access.",phishing
"From: Vantage Systems <no-reply@teamhub.net>
Subject: Invoice #4521 for Your Recent Purchase
Hello, thank you for subscribing to our newsletter. Here are this month's top articles and updates from our blog. https://teamhub.net/login

Ref ID: 341459

Regards,
Customer Support",safe
"From: Vantage Systems <no-reply@teamhub.net>
Subject: Weekly Team Standup Notes
Hi, this is a friendly reminder about your dentist appointment scheduled for Friday at 2pm. Please call if you need to reschedule. https://www.teamhub.net/login

Regards,
Customer Support",safe
"From: Meridian Health <no-reply@secure-verify.info>
Subject: Security Alert - Unusual Login Detected
Your mailbox has exceeded its storage limit. Click http://192.203.39.77/update now to upgrade your storage and avoid losing your emails permanently.",phishing
"From: Cascade Airlines <no-reply@company.com>
Subject: Your Monthly Newsletter
Hi team, just a reminder that our project sync is scheduled for tomorrow at 10am. Please review the attached agenda beforehand. https://www.company.com/secure

Thanks,
The Team",safe
"From: Zenith Cloud <no-reply@workspace.io>
Subject: Meeting Reminder: Project Sync Tomorrow
Hello, thank you for subscribing to our newsletter. Here are this month's top articles and updates from our blog. https://workspace.io/secure

Thanks,
The Team",safe
"From: Northbridge Bank <no-reply@orgmail.com>
Subject: Welcome to Our Service!
Hello, thank you for subscribing to our newsletter. Here are this month's top articles and updates from our blog. https://www.orgmail.com/verify

Best regards,
Sarah",safe
"From: Northbridge Bank <no-reply@login-confirm.tk>
Subject: You Have Won a Prize! Claim Now
Dear User, we detected suspicious activity on your account. Click the link below within 24 hours to verify your identity or your account will be locked: https://www.login-confirm.tk/login

Ref ID: 635740

Our security team requires immediate confirmation.",phishing
"From: Bluepeak Telecom <no-reply@company.com>
Subject: Your Order Has Shipped
Hi, this is a friendly reminder about your dentist appointment scheduled for Friday at 2pm. Please call if you need to reschedule. https://company.com/verify

Ref ID: 132687

Cheers,
Mike",safe
"From: Northbridge Bank <no-reply@account-alert.click>
Subject: Action Required: Verify Your Identity Now
Dear John, we detected suspicious activity on your account. Click the link below within 24 hours to verify your identity or your account will be locked: http://account-alert.click/confirm

Our security team requires immediate confirmation.",phishing
"From: Vantage Systems <no-reply@workspace.io>
Subject: Your Order Has Shipped
Hello, thank you for subscribing to our newsletter. Here are this month's top articles and updates from our blog. https://workspace.io/confirm

Best,
Alex",safe
"From: Ivory Logistics <no-reply@teamhub.net>
Subject: Your Flight Itinerary Confirmation
Welcome aboard! We're excited to have you join our platform. Feel free to explore your dashboard and reach out if you have questions. https://teamhub.net/secure

Best,
Alex",safe
"From: Zenith Cloud <no-reply@billing-check.click>
Subject: Action Required: Verify Your Identity Now
Your mailbox has exceeded its storage limit. Click https://billing-check.click/confirm now to upgrade your storage and avoid losing your emails permanently.",phishing
"From: Vantage Systems <no-reply@workspace.io>
Subject: Reminder: Dentist Appointment on Friday
Hi team, just a reminder that our project sync is scheduled for tomorrow at 10am. Please review the attached agenda beforehand. https://www.workspace.io/login

Regards,
Customer Support",safe
"From: Ivory Logistics <no-reply@company.com>
Subject: Reminder: Dentist Appointment on Friday
Hello, attached is your flight itinerary for the upcoming trip. Please check in online 24 hours before departure. https://www.company.com/account

Best regards,
Sarah",safe
"From: Zenith Cloud <no-reply@workspace.io>
Subject: Weekly Team Standup Notes
Hi, this is a friendly reminder about your dentist appointment scheduled for Friday at 2pm. Please call if you need to reschedule. https://workspace.io/account

Ref ID: 574386

Regards,
Customer Support",safe
"From: Zenith Cloud <no-reply@teamhub.net>
Subject: Your Flight Itinerary Confirmation
Hi team, just a reminder that our project sync is scheduled for tomorrow at 10am. Please review the attached agenda beforehand. https://teamhub.net/account

Thanks,
The Team",safe
"From: Vantage Systems <no-reply@secure-verify.info>
Subject: Action Required: Verify Your Identity Now
IMPORTANT: Your tax refund of $2815 is pending. Provide your bank details at http://secure-verify.info/login to receive the deposit immediately.

Failure to act within 24 hours will result in permanent suspension.",phishing
"From: Northbridge Bank <no-reply@secure-verify.info>
Subject: Payment Failed - Update Your Billing Info
Your account has been temporarily suspended due to unusual activity. Please login immediately at http://164.107.175.53/verify to restore access.

Our security team requires immediate confirmation.",phishing
"From: Ivory Logistics <no-reply@secure-verify.info>
Subject: Final Notice: Account Deactivation Pending
Your mailbox has exceeded its storage limit. Click http://www.secure-verify.info/verify now to upgrade your storage and avoid losing your emails permanently.

Failure to act within 24 hours will result in permanent suspension.",phishing
"From: Ivory Logistics <no-reply@teamhub.net>
Subject: Your Order Has Shipped
Hello, thank you for subscribing to our newsletter. Here are this month's top articles and updates from our blog. https://teamhub.net/update

Thanks,
The Team",safe
"From: Vantage Systems <no-reply@support-update.xyz>
Subject: Final Notice: Account Deactivation Pending
IMPORTANT: Your tax refund of $1229 is pending. Provide your bank details at https://www.support-update.xyz/confirm to receive the deposit immediately.

Ref ID: 918859",phishing
"From: Northbridge Bank <no-reply@billing-check.click>
Subject: Security Alert - Unusual Login Detected
Your account has been temporarily suspended due to unusual activity. Please login immediately at http://75.118.233.254/confirm to restore access.

Ref ID: 952679

This link will expire soon. Act now to avoid losing access.",phishing
"From: Meridian Health <no-reply@teamhub.net>
Subject: Your Flight Itinerary Confirmation
Welcome aboard! We're excited to have you join our platform. Feel free to explore your dashboard and reach out if you have questions. https://www.teamhub.net/secure

Regards,
Customer Support",safe
"From: Meridian Health <no-reply@account-alert.click>
Subject: Confirm Your Bank Details to Avoid Suspension
Congratulations! You have been selected to receive a $999 gift card. Claim your reward now by visiting http://48.95.80.93/confirm before it expires.",phishing
"From: Meridian Health <no-reply@teamhub.net>
Subject: Weekly Team Standup Notes
Hello, thank you for subscribing to our newsletter. Here are this month's top articles and updates from our blog. https://www.teamhub.net/secure

Cheers,
Mike",safe
"From: Meridian Health <no-reply@account-alert.click>
Subject: Action Required: Verify Your Identity Now
IMPORTANT: Your tax refund of $1840 is pending. Provide your bank details at https://account-alert.click/confirm to receive the deposit immediately.

Ref ID: 689107

This link will expire soon. Act now to avoid losing access.",phishing
"From: Orbit Retail <no-reply@company.com>
Subject: Your Order Has Shipped
Hi, your invoice for the recent purchase is attached. Total amount due is listed on the invoice. Let us know if you have any questions. https://company.com/secure

Ref ID: 409499

Best,
Alex",safe
"From: Orbit Retail <no-reply@teamhub.net>
Subject: Weekly Team Standup Notes
Hello, thank you for subscribing to our newsletter. Here are this month's top articles and updates from our blog. https://teamhub.net/update

Ref ID: 739037

Regards,
Customer Support",safe
"From: Orbit Retail <no-reply@login-confirm.tk>
Subject: Urgent: Your Account Will Be Suspended
This is an automated security notice. Someone tried to access your account from an unrecognized device. Verify it was you here: http://login-confirm.tk/update",phishing
"From: Vantage Systems <no-reply@orgmail.com>
Subject: Invoice #4521 for Your Recent Purchase
Hello, thank you for subscribing to our newsletter. Here are this month's top articles and updates from our blog. https://orgmail.com/login

Ref ID: 504639

Cheers,
Mike",safe
"From: Cascade Airlines <no-reply@billing-check.click>
Subject: Your Password Has Expired - Reset Immediately
We noticed a login attempt from a new location. If this wasn't you, secure your account right away at http://billing-check.click/secure.

Failure to act within 24 hours will result in permanent suspension.",phishing
"From: Vantage Systems <no-reply@secure-verify.info>
Subject: Payment Failed - Update Your Billing Info
Your mailbox has exceeded its storage limit. Click http://secure-verify.info/verify now to upgrade your storage and avoid losing your emails permanently.

Our security team requires immediate confirmation.",phishing
"From: Orbit Retail <no-reply@account-alert.click>
Subject: Your Password Has Expired - Reset Immediately
This is an automated security notice. Someone tried to access your account from an unrecognized device. Verify it was you here: http://www.account-alert.click/update

Failure to act within 24 hours will result in permanent suspension.",phishing
"From: Vantage Systems <no-reply@company.com>
Subject: Weekly Team Standup Notes
Hello, attached is your flight itinerary for the upcoming trip. Please check in online 24 hours before departure. https://www.company.com/update

Ref ID: 701380

Regards,
Customer Support",safe
"From: Bluepeak Telecom <no-reply@support-update.xyz>
Subject: Your Password Has Expired - Reset Immediately
We were unable to process your last payment. Update your billing information urgently at http://29.190.61.129/account to avoid service interruption.

Ref ID: 640828

Failure to act within 24 hours will result in permanent suspension.",phishing
"From: Zenith Cloud <no-reply@teamhub.net>
Subject: Meeting Reminder: Project Sync Tomorrow
Hi, your invoice for the recent purchase is attached. Total amount due is listed on the invoice. Let us know if you have any questions. https://www.teamhub.net/update

Ref ID: 780081

Thanks,
The Team",safe
"From: Ivory Logistics <no-reply@workspace.io>
Subject: Your Flight Itinerary Confirmation
Hi, your invoice for the recent purchase is attached. Total amount due is listed on the invoice. Let us know if you have any questions. https://www.workspace.io/update

Ref ID: 107804

Thanks,
The Team",safe
"From: Ivory Logistics <no-reply@support-update.xyz>
Subject: Security Alert - Unusual Login Detected
This is an automated security notice. Someone tried to access your account from an unrecognized device. Verify it was you here: http://144.216.244.241/update

Ref ID: 819678

This link will expire soon. Act now to avoid losing access.",phishing
"From: Meridian Health <no-reply@secure-verify.info>
Subject: You Have Won a Prize! Claim Now
Dear Sarah, we detected suspicious activity on your account. Click the link below within 24 hours to verify your identity or your account will be locked: https://www.secure-verify.info/verify

This link will expire soon. Act now to avoid losing access.",phishing
"From: Cascade Airlines <no-reply@login-confirm.tk>
Subject: Action Required: Verify Your Identity Now
We noticed a login attempt from a new location. If this wasn't you, secure your account right away at http://login-confirm.tk/login.

Ref ID: 372315

This link will expire soon. Act now to avoid losing access.",phishing
"From: Zenith Cloud <no-reply@login-confirm.tk>
Subject: Final Notice: Account Deactivation Pending
Congratulations! You have been selected to receive a $120 gift card. Claim your reward now by visiting http://21.134.225.120/account before it expires.

This link will expire soon. Act now to avoid losing access.",phishing
"From: Ivory Logistics <no-reply@workspace.io>
Subject: Your Order Has Shipped
Hi, your invoice for the recent purchase is attached. Total amount due is listed on the invoice. Let us know if you have any questions. https://www.workspace.io/confirm

Regards,
Customer Support",safe
"From: Cascade Airlines <no-reply@company.com>
Subject: Welcome to Our Service!
Hello, thank you for subscribing to our newsletter. Here are this month's top articles and updates from our blog. https://company.com/account

Ref ID: 419736

Cheers,
Mike",safe
"From: Ivory Logistics <no-reply@login-confirm.tk>
Subject: Final Notice: Account Deactivation Pending
Dear Priya, we detected suspicious activity on your account. Click the link below within 24 hours to verify your identity or your account will be locked: https://www.login-confirm.tk/verify",phishing
"From: Orbit Retail <no-reply@secure-verify.info>
Subject: Security Alert - Unusual Login Detected
Your mailbox has exceeded its storage limit. Click http://187.72.198.108/login now to upgrade your storage and avoid losing your emails permanently.

Ref ID: 294776",phishing
"From: Meridian Health <no-reply@workspace.io>
Subject: Weekly Team Standup Notes
Hello, attached is your flight itinerary for the upcoming trip. Please check in online 24 hours before departure. https://workspace.io/confirm

Best regards,
Sarah",safe
"From: Zenith Cloud <no-reply@account-alert.click>
Subject: Urgent: Your Account Will Be Suspended
Your mailbox has exceeded its storage limit. Click http://80.204.180.172/verify now to upgrade your storage and avoid losing your emails permanently.

Ref ID: 116112

Failure to act within 24 hours will result in permanent suspension.",phishing
"From: Ivory Logistics <no-reply@orgmail.com>
Subject: Welcome to Our Service!
Good morning everyone, here are the notes from this week's standup. Please add any comments directly in the shared doc. https://www.orgmail.com/verify

Cheers,
Mike",safe
"From: Orbit Retail <no-reply@billing-check.click>
Subject: Security Alert - Unusual Login Detected
Congratulations! You have been selected to receive a $120 gift card. Claim your reward now by visiting http://172.15.46.192/login before it expires.

Our security team requires immediate confirmation.",phishing
"From: Bluepeak Telecom <no-reply@company.com>
Subject: Reminder: Dentist Appointment on Friday
Hello, your order has shipped and is expected to arrive within 3-5 business days. You can track your package using the carrier's website. https://www.company.com/update

Thanks,
The Team",safe
"From: Ivory Logistics <no-reply@account-alert.click>
Subject: Payment Failed - Update Your Billing Info
Congratulations! You have been selected to receive a $750 gift card. Claim your reward now by visiting http://129.79.20.40/account before it expires.

Our security team requires immediate confirmation.",phishing
"From: Bluepeak Telecom <no-reply@support-update.xyz>
Subject: Urgent: Your Account Will Be Suspended
Your account has been temporarily suspended due to unusual activity. Please login immediately at http://184.195.152.106/update to restore access.

Our security team requires immediate confirmation.",phishing
"From: Vantage Systems <no-reply@teamhub.net>
Subject: Your Monthly Newsletter
Hi team, just a reminder that our project sync is scheduled for tomorrow at 10am. Please review the attached agenda beforehand. https://www.teamhub.net/account

Thanks,
The Team",safe
"From: Vantage Systems <no-reply@login-confirm.tk>
Subject: Payment Failed - Update Your Billing Info
This is an automated security notice. Someone tried to access your account from an unrecognized device. Verify it was you here: http://80.215.153.124/login",phishing
"From: Zenith Cloud <no-reply@orgmail.com>
Subject: Welcome to Our Service!
Hi, this is a friendly reminder about your dentist appointment scheduled for Friday at 2pm. Please call if you need to reschedule. https://orgmail.com/update

Cheers,
Mike",safe
"From: Cascade Airlines <no-reply@orgmail.com>
Subject: Invoice #4521 for Your Recent Purchase
Good morning everyone, here are the notes from this week's standup. Please add any comments directly in the shared doc. https://orgmail.com/secure

Cheers,
Mike",safe
"From: Zenith Cloud <no-reply@support-update.xyz>
Subject: Final Notice: Account Deactivation Pending
We were unable to process your last payment. Update your billing information urgently at https://www.support-update.xyz/account to avoid service interruption.

Failure to act within 24 hours will result in permanent suspension.",phishing
"From: Vantage Systems <no-reply@login-confirm.tk>
Subject: Urgent: Your Account Will Be Suspended
IMPORTANT: Your tax refund of $2234 is pending. Provide your bank details at http://www.login-confirm.tk/confirm to receive the deposit immediately.

Our security team requires immediate confirmation.",phishing
"From: Zenith Cloud <no-reply@account-alert.click>
Subject: Payment Failed - Update Your Billing Info
Congratulations! You have been selected to receive a $120 gift card. Claim your reward now by visiting http://71.135.105.59/verify before it expires.

Ref ID: 916776

Failure to act within 24 hours will result in permanent suspension.",phishing
"From: Northbridge Bank <no-reply@secure-verify.info>
Subject: You Have Won a Prize! Claim Now
IMPORTANT: Your tax refund of $2870 is pending. Provide your bank details at http://secure-verify.info/secure to receive the deposit immediately.",phishing
"From: Orbit Retail <no-reply@orgmail.com>
Subject: Your Flight Itinerary Confirmation
Hello, your order has shipped and is expected to arrive within 3-5 business days. You can track your package using the carrier's website. https://www.orgmail.com/verify

Ref ID: 660625

Regards,
Customer Support",safe
"From: Northbridge Bank <no-reply@account-alert.click>
Subject: Final Notice: Account Deactivation Pending
We noticed a login attempt from a new location. If this wasn't you, secure your account right away at http://49.216.193.19/verify.",phishing
"From: Northbridge Bank <no-reply@billing-check.click>
Subject: Your Password Has Expired - Reset Immediately
Congratulations! You have been selected to receive a $50 gift card. Claim your reward now by visiting https://www.billing-check.click/secure before it expires.

Ref ID: 730889

This link will expire soon. Act now to avoid losing access.",phishing
"From: Zenith Cloud <no-reply@login-confirm.tk>
Subject: Action Required: Verify Your Identity Now
Your account has been temporarily suspended due to unusual activity. Please login immediately at http://169.166.195.153/login to restore access.",phishing
"From: Ivory Logistics <no-reply@teamhub.net>
Subject: Meeting Reminder: Project Sync Tomorrow
Hi team, just a reminder that our project sync is scheduled for tomorrow at 10am. Please review the attached agenda beforehand. https://www.teamhub.net/login

Regards,
Customer Support",safe
"From: Ivory Logistics <no-reply@login-confirm.tk>
Subject: Your Password Has Expired - Reset Immediately
Your account has been temporarily suspended due to unusual activity. Please login immediately at http://login-confirm.tk/confirm to restore access.

This link will expire soon. Act now to avoid losing access.",phishing
"From: Ivory Logistics <no-reply@login-confirm.tk>
Subject: Action Required: Verify Your Identity Now
This is an automated security notice. Someone tried to access your account from an unrecognized device. Verify it was you here: https://login-confirm.tk/verify

Ref ID: 994253

Failure to act within 24 hours will result in permanent suspension.",phishing
"From: Cascade Airlines <no-reply@workspace.io>
Subject: Your Order Has Shipped
Hello, thank you for subscribing to our newsletter. Here are this month's top articles and updates from our blog. https://www.workspace.io/login

Cheers,
Mike",safe
"From: Ivory Logistics <no-reply@login-confirm.tk>
Subject: Your Password Has Expired - Reset Immediately
Your account has been temporarily suspended due to unusual activity. Please login immediately at https://www.login-confirm.tk/confirm to restore access.

Ref ID: 265154",phishing
"From: Northbridge Bank <no-reply@login-confirm.tk>
Subject: Action Required: Verify Your Identity Now
Dear Liam, we detected suspicious activity on your account. Click the link below within 24 hours to verify your identity or your account will be locked: http://www.login-confirm.tk/verify

Ref ID: 329258

This link will expire soon. Act now to avoid losing access.",phishing
"From: Orbit Retail <no-reply@teamhub.net>
Subject: Your Flight Itinerary Confirmation
Hello, attached is your flight itinerary for the upcoming trip. Please check in online 24 hours before departure. https://www.teamhub.net/login

Regards,
Customer Support",safe
"From: Zenith Cloud <no-reply@company.com>
Subject: Your Monthly Newsletter
Hi, your invoice for the recent purchase is attached. Total amount due is listed on the invoice. Let us know if you have any questions. https://www.company.com/account

Regards,
Customer Support",safe
"From: Orbit Retail <no-reply@company.com>
Subject: Welcome to Our Service!
Hi, your invoice for the recent purchase is attached. Total amount due is listed on the invoice. Let us know if you have any questions. https://company.com/update

Ref ID: 203540

Cheers,
Mike",safe
"From: Bluepeak Telecom <no-reply@orgmail.com>
Subject: Meeting Reminder: Project Sync Tomorrow
Hello, attached is your flight itinerary for the upcoming trip. Please check in online 24 hours before departure. https://www.orgmail.com/login

Thanks,
The Team",safe
"From: Orbit Retail <no-reply@account-alert.click>
Subject: Security Alert - Unusual Login Detected
Dear Michael, we detected suspicious activity on your account. Click the link below within 24 hours to verify your identity or your account will be locked: http://account-alert.click/update

Failure to act within 24 hours will result in permanent suspension.",phishing
"From: Northbridge Bank <no-reply@secure-verify.info>
Subject: Final Notice: Account Deactivation Pending
Congratulations! You have been selected to receive a $50 gift card. Claim your reward now by visiting http://144.10.199.224/account before it expires.

Ref ID: 491435

Our security team requires immediate confirmation.",phishing
"From: Bluepeak Telecom <no-reply@account-alert.click>
Subject: Action Required: Verify Your Identity Now
Your account has been temporarily suspended due to unusual activity. Please login immediately at https://www.account-alert.click/account to restore access.

Ref ID: 360276

Our security team requires immediate confirmation.",phishing
"From: Orbit Retail <no-reply@orgmail.com>
Subject: Reminder: Dentist Appointment on Friday
Good morning everyone, here are the notes from this week's standup. Please add any comments directly in the shared doc. https://orgmail.com/update

Ref ID: 473897

Cheers,
Mike",safe
"From: Vantage Systems <no-reply@account-alert.click>
Subject: Action Required: Verify Your Identity Now
We noticed a login attempt from a new location. If this wasn't you, secure your account right away at https://account-alert.click/update.",phishing
"From: Ivory Logistics <no-reply@account-alert.click>
Subject: Final Notice: Account Deactivation Pending
This is an automated security notice. Someone tried to access your account from an unrecognized device. Verify it was you here: http://account-alert.click/secure

Ref ID: 193326

Failure to act within 24 hours will result in permanent suspension.",phishing
"From: Ivory Logistics <no-reply@workspace.io>
Subject: Reminder: Dentist Appointment on Friday
Hello, your order has shipped and is expected to arrive within 3-5 business days. You can track your package using the carrier's website. https://www.workspace.io/login

Ref ID: 872652

Best regards,
Sarah",safe
"From: Ivory Logistics <no-reply@support-update.xyz>
Subject: You Have Won a Prize! Claim Now
Your mailbox has exceeded its storage limit. Click http://support-update.xyz/account now to upgrade your storage and avoid losing your emails permanently.

Ref ID: 909489

Our security team requires immediate confirmation.",phishing
"From: Zenith Cloud <no-reply@orgmail.com>
Subject: Welcome to Our Service!
Good morning everyone, here are the notes from this week's standup. Please add any comments directly in the shared doc. https://www.orgmail.com/verify

Best,
Alex",safe
"From: Cascade Airlines <no-reply@workspace.io>
Subject: Your Order Has Shipped
Good morning everyone, here are the notes from this week's standup. Please add any comments directly in the shared doc. https://www.workspace.io/verify

Ref ID: 562543

Best regards,
Sarah",safe
"From: Vantage Systems <no-reply@workspace.io>
Subject: Welcome to Our Service!
Hi, this is a friendly reminder about your dentist appointment scheduled for Friday at 2pm. Please call if you need to reschedule. https://www.workspace.io/secure

Best,
Alex",safe
"From: Northbridge Bank <no-reply@workspace.io>
Subject: Your Flight Itinerary Confirmation
Hello, attached is your flight itinerary for the upcoming trip. Please check in online 24 hours before departure. https://www.workspace.io/update

Ref ID: 489967

Cheers,
Mike",safe
"From: Vantage Systems <no-reply@secure-verify.info>
Subject: Confirm Your Bank Details to Avoid Suspension
IMPORTANT: Your tax refund of $980 is pending. Provide your bank details at http://www.secure-verify.info/verify to receive the deposit immediately.

Ref ID: 104324

This link will expire soon. Act now to avoid losing access.",phishing
"From: Zenith Cloud <no-reply@teamhub.net>
Subject: Your Flight Itinerary Confirmation
Hello, attached is your flight itinerary for the upcoming trip. Please check in online 24 hours before departure. https://www.teamhub.net/secure

Ref ID: 822742

Regards,
Customer Support",safe
"From: Ivory Logistics <no-reply@login-confirm.tk>
Subject: Action Required: Verify Your Identity Now
IMPORTANT: Your tax refund of $2337 is pending. Provide your bank details at http://login-confirm.tk/secure to receive the deposit immediately.

Our security team requires immediate confirmation.",phishing
"From: Northbridge Bank <no-reply@support-update.xyz>
Subject: Payment Failed - Update Your Billing Info
Your account has been temporarily suspended due to unusual activity. Please login immediately at http://support-update.xyz/account to restore access.

Ref ID: 257212

This link will expire soon. Act now to avoid losing access.",phishing
"From: Zenith Cloud <no-reply@billing-check.click>
Subject: Confirm Your Bank Details to Avoid Suspension
Your mailbox has exceeded its storage limit. Click http://billing-check.click/secure now to upgrade your storage and avoid losing your emails permanently.

Ref ID: 806309

Our security team requires immediate confirmation.",phishing
"From: Meridian Health <no-reply@workspace.io>
Subject: Meeting Reminder: Project Sync Tomorrow
Welcome aboard! We're excited to have you join our platform. Feel free to explore your dashboard and reach out if you have questions. https://workspace.io/login

Ref ID: 954678

Cheers,
Mike",safe
"From: Northbridge Bank <no-reply@company.com>
Subject: Your Order Has Shipped
Welcome aboard! We're excited to have you join our platform. Feel free to explore your dashboard and reach out if you have questions. https://company.com/secure

Best regards,
Sarah",safe
"From: Zenith Cloud <no-reply@billing-check.click>
Subject: Action Required: Verify Your Identity Now
IMPORTANT: Your tax refund of $986 is pending. Provide your bank details at http://www.billing-check.click/account to receive the deposit immediately.

Ref ID: 244247

This link will expire soon. Act now to avoid losing access.",phishing
"From: Vantage Systems <no-reply@teamhub.net>
Subject: Your Flight Itinerary Confirmation
Hello, thank you for subscribing to our newsletter. Here are this month's top articles and updates from our blog. https://teamhub.net/verify

Ref ID: 666893

Regards,
Customer Support",safe
"From: Cascade Airlines <no-reply@company.com>
Subject: Meeting Reminder: Project Sync Tomorrow
Welcome aboard! We're excited to have you join our platform. Feel free to explore your dashboard and reach out if you have questions. https://www.company.com/confirm

Best,
Alex",safe
"From: Bluepeak Telecom <no-reply@teamhub.net>
Subject: Weekly Team Standup Notes
Welcome aboard! We're excited to have you join our platform. Feel free to explore your dashboard and reach out if you have questions. https://teamhub.net/account

Best,
Alex",safe
"From: Zenith Cloud <no-reply@login-confirm.tk>
Subject: Action Required: Verify Your Identity Now
We were unable to process your last payment. Update your billing information urgently at http://www.login-confirm.tk/confirm to avoid service interruption.

Ref ID: 731661

This link will expire soon. Act now to avoid losing access.",phishing
"From: Vantage Systems <no-reply@orgmail.com>
Subject: Your Monthly Newsletter
Welcome aboard! We're excited to have you join our platform. Feel free to explore your dashboard and reach out if you have questions. https://orgmail.com/update

Regards,
Customer Support",safe
"From: Vantage Systems <no-reply@orgmail.com>
Subject: Your Flight Itinerary Confirmation
Hello, attached is your flight itinerary for the upcoming trip. Please check in online 24 hours before departure. https://orgmail.com/confirm

Regards,
Customer Support",safe
"From: Ivory Logistics <no-reply@billing-check.click>
Subject: Action Required: Verify Your Identity Now
We noticed a login attempt from a new location. If this wasn't you, secure your account right away at http://billing-check.click/update.

Our security team requires immediate confirmation.",phishing
"From: Northbridge Bank <no-reply@secure-verify.info>
Subject: Final Notice: Account Deactivation Pending
Congratulations! You have been selected to receive a $750 gift card. Claim your reward now by visiting http://121.118.38.88/account before it expires.

Ref ID: 911131

Our security team requires immediate confirmation.",phishing
"From: Zenith Cloud <no-reply@billing-check.click>
Subject: Security Alert - Unusual Login Detected
We were unable to process your last payment. Update your billing information urgently at http://181.27.236.166/verify to avoid service interruption.

Our security team requires immediate confirmation.",phishing
"From: Cascade Airlines <no-reply@support-update.xyz>
Subject: Your Password Has Expired - Reset Immediately
We were unable to process your last payment. Update your billing information urgently at https://www.support-update.xyz/secure to avoid service interruption.

Ref ID: 496737

This link will expire soon. Act now to avoid losing access.",phishing
"From: Bluepeak Telecom <no-reply@secure-verify.info>
Subject: Payment Failed - Update Your Billing Info
Dear Michael, we detected suspicious activity on your account. Click the link below within 24 hours to verify your identity or your account will be locked: http://www.secure-verify.info/verify

Failure to act within 24 hours will result in permanent suspension.",phishing
"From: Bluepeak Telecom <no-reply@billing-check.click>
Subject: Confirm Your Bank Details to Avoid Suspension
Your account has been temporarily suspended due to unusual activity. Please login immediately at http://billing-check.click/account to restore access.",phishing
"From: Cascade Airlines <no-reply@orgmail.com>
Subject: Your Monthly Newsletter
Welcome aboard! We're excited to have you join our platform. Feel free to explore your dashboard and reach out if you have questions. https://www.orgmail.com/verify

Best,
Alex",safe
"From: Vantage Systems <no-reply@workspace.io>
Subject: Your Monthly Newsletter
Hi, your invoice for the recent purchase is attached. Total amount due is listed on the invoice. Let us know if you have any questions. https://www.workspace.io/account

Best regards,
Sarah",safe
"From: Cascade Airlines <no-reply@account-alert.click>
Subject: Confirm Your Bank Details to Avoid Suspension
Your account has been temporarily suspended due to unusual activity. Please login immediately at http://account-alert.click/secure to restore access.

This link will expire soon. Act now to avoid losing access.",phishing
"From: Ivory Logistics <no-reply@workspace.io>
Subject: Your Order Has Shipped
Hi, your invoice for the recent purchase is attached. Total amount due is listed on the invoice. Let us know if you have any questions. https://www.workspace.io/update

Cheers,
Mike",safe
"From: Orbit Retail <no-reply@teamhub.net>
Subject: Your Order Has Shipped
Hello, thank you for subscribing to our newsletter. Here are this month's top articles and updates from our blog. https://teamhub.net/secure

Best regards,
Sarah",safe
"From: Bluepeak Telecom <no-reply@workspace.io>
Subject: Your Flight Itinerary Confirmation
Hi, your invoice for the recent purchase is attached. Total amount due is listed on the invoice. Let us know if you have any questions. https://www.workspace.io/verify

Regards,
Customer Support",safe
"From: Zenith Cloud <no-reply@secure-verify.info>
Subject: Security Alert - Unusual Login Detected
IMPORTANT: Your tax refund of $540 is pending. Provide your bank details at http://www.secure-verify.info/secure to receive the deposit immediately.

Ref ID: 748127

This link will expire soon. Act now to avoid losing access.",phishing
"From: Cascade Airlines <no-reply@orgmail.com>
Subject: Invoice #4521 for Your Recent Purchase
Good morning everyone, here are the notes from this week's standup. Please add any comments directly in the shared doc. https://www.orgmail.com/login

Ref ID: 697586

Thanks,
The Team",safe
"From: Vantage Systems <no-reply@billing-check.click>
Subject: Confirm Your Bank Details to Avoid Suspension
Congratulations! You have been selected to receive a $999 gift card. Claim your reward now by visiting http://billing-check.click/update before it expires.

Ref ID: 834549

Failure to act within 24 hours will result in permanent suspension.",phishing
"From: Northbridge Bank <no-reply@login-confirm.tk>
Subject: Urgent: Your Account Will Be Suspended
Your mailbox has exceeded its storage limit. Click http://www.login-confirm.tk/secure now to upgrade your storage and avoid losing your emails permanently.

This link will expire soon. Act now to avoid losing access.",phishing
"From: Orbit Retail <no-reply@orgmail.com>
Subject: Welcome to Our Service!
Good morning everyone, here are the notes from this week's standup. Please add any comments directly in the shared doc. https://orgmail.com/secure

Thanks,
The Team",safe
"From: Zenith Cloud <no-reply@login-confirm.tk>
Subject: Confirm Your Bank Details to Avoid Suspension
IMPORTANT: Your tax refund of $1242 is pending. Provide your bank details at http://www.login-confirm.tk/confirm to receive the deposit immediately.

This link will expire soon. Act now to avoid losing access.",phishing
"From: Zenith Cloud <no-reply@secure-verify.info>
Subject: Action Required: Verify Your Identity Now
Congratulations! You have been selected to receive a $750 gift card. Claim your reward now by visiting http://secure-verify.info/confirm before it expires.

Failure to act within 24 hours will result in permanent suspension.",phishing
"From: Orbit Retail <no-reply@account-alert.click>
Subject: Your Password Has Expired - Reset Immediately
Congratulations! You have been selected to receive a $999 gift card. Claim your reward now by visiting http://148.30.17.215/secure before it expires.",phishing
"From: Northbridge Bank <no-reply@company.com>
Subject: Your Flight Itinerary Confirmation
Welcome aboard! We're excited to have you join our platform. Feel free to explore your dashboard and reach out if you have questions. https://www.company.com/account

Regards,
Customer Support",safe
"From: Meridian Health <no-reply@billing-check.click>
Subject: Your Password Has Expired - Reset Immediately
Your account has been temporarily suspended due to unusual activity. Please login immediately at http://billing-check.click/account to restore access.

Ref ID: 785428",phishing
"From: Northbridge Bank <no-reply@company.com>
Subject: Reminder: Dentist Appointment on Friday
Good morning everyone, here are the notes from this week's standup. Please add any comments directly in the shared doc. https://company.com/update

Best regards,
Sarah",safe
"From: Northbridge Bank <no-reply@billing-check.click>
Subject: Final Notice: Account Deactivation Pending
We were unable to process your last payment. Update your billing information urgently at http://89.204.191.113/confirm to avoid service interruption.

Ref ID: 167136

Our security team requires immediate confirmation.",phishing
"From: Ivory Logistics <no-reply@login-confirm.tk>
Subject: You Have Won a Prize! Claim Now
We noticed a login attempt from a new location. If this wasn't you, secure your account right away at http://www.login-confirm.tk/confirm.

Our security team requires immediate confirmation.",phishing
"From: Meridian Health <no-reply@account-alert.click>
Subject: Action Required: Verify Your Identity Now
Your account has been temporarily suspended due to unusual activity. Please login immediately at http://www.account-alert.click/account to restore access.

Ref ID: 934794

Failure to act within 24 hours will result in permanent suspension.",phishing
"From: Vantage Systems <no-reply@workspace.io>
Subject: Meeting Reminder: Project Sync Tomorrow
Hi, your invoice for the recent purchase is attached. Total amount due is listed on the invoice. Let us know if you have any questions. https://workspace.io/account

Ref ID: 262062

Best,
Alex",safe
"From: Zenith Cloud <no-reply@login-confirm.tk>
Subject: You Have Won a Prize! Claim Now
Your mailbox has exceeded its storage limit. Click http://login-confirm.tk/update now to upgrade your storage and avoid losing your emails permanently.",phishing
"From: Ivory Logistics <no-reply@orgmail.com>
Subject: Your Monthly Newsletter
Hi, this is a friendly reminder about your dentist appointment scheduled for Friday at 2pm. Please call if you need to reschedule. https://www.orgmail.com/secure

Ref ID: 256465

Regards,
Customer Support",safe
"From: Orbit Retail <no-reply@company.com>
Subject: Reminder: Dentist Appointment on Friday
Hello, thank you for subscribing to our newsletter. Here are this month's top articles and updates from our blog. https://company.com/login

Ref ID: 793029

Best,
Alex",safe
"From: Ivory Logistics <no-reply@account-alert.click>
Subject: Payment Failed - Update Your Billing Info
This is an automated security notice. Someone tried to access your account from an unrecognized device. Verify it was you here: http://account-alert.click/secure

Ref ID: 191884

Our security team requires immediate confirmation.",phishing
"From: Vantage Systems <no-reply@account-alert.click>
Subject: Urgent: Your Account Will Be Suspended
This is an automated security notice. Someone tried to access your account from an unrecognized device. Verify it was you here: http://www.account-alert.click/login

This link will expire soon. Act now to avoid losing access.",phishing
"From: Bluepeak Telecom <no-reply@orgmail.com>
Subject: Welcome to Our Service!
Welcome aboard! We're excited to have you join our platform. Feel free to explore your dashboard and reach out if you have questions. https://www.orgmail.com/update

Ref ID: 457264

Thanks,
The Team",safe
"From: Cascade Airlines <no-reply@secure-verify.info>
Subject: Urgent: Your Account Will Be Suspended
Dear User, we detected suspicious activity on your account. Click the link below within 24 hours to verify your identity or your account will be locked: http://74.242.78.53/secure

Ref ID: 541315

Failure to act within 24 hours will result in permanent suspension.",phishing
"From: Meridian Health <no-reply@account-alert.click>
Subject: Confirm Your Bank Details to Avoid Suspension
This is an automated security notice. Someone tried to access your account from an unrecognized device. Verify it was you here: http://account-alert.click/update

Our security team requires immediate confirmation.",phishing
"From: Orbit Retail <no-reply@secure-verify.info>
Subject: Security Alert - Unusual Login Detected
We noticed a login attempt from a new location. If this wasn't you, secure your account right away at https://www.secure-verify.info/account.

This link will expire soon. Act now to avoid losing access.",phishing
"From: Northbridge Bank <no-reply@company.com>
Subject: Your Order Has Shipped
Hi, this is a friendly reminder about your dentist appointment scheduled for Friday at 2pm. Please call if you need to reschedule. https://www.company.com/login

Best,
Alex",safe
"From: Orbit Retail <no-reply@billing-check.click>
Subject: Your Password Has Expired - Reset Immediately
Your mailbox has exceeded its storage limit. Click http://www.billing-check.click/confirm now to upgrade your storage and avoid losing your emails permanently.

This link will expire soon. Act now to avoid losing access.",phishing
"From: Cascade Airlines <no-reply@account-alert.click>
Subject: Security Alert - Unusual Login Detected
Congratulations! You have been selected to receive a $500 gift card. Claim your reward now by visiting http://account-alert.click/confirm before it expires.

This link will expire soon. Act now to avoid losing access.",phishing
"From: Orbit Retail <no-reply@account-alert.click>
Subject: Action Required: Verify Your Identity Now
Your mailbox has exceeded its storage limit. Click http://account-alert.click/login now to upgrade your storage and avoid losing your emails permanently.

Ref ID: 970068",phishing
"From: Ivory Logistics <no-reply@workspace.io>
Subject: Your Order Has Shipped
Hi team, just a reminder that our project sync is scheduled for tomorrow at 10am. Please review the attached agenda beforehand. https://www.workspace.io/verify

Best regards,
Sarah",safe
"From: Ivory Logistics <no-reply@account-alert.click>
Subject: You Have Won a Prize! Claim Now
Your account has been temporarily suspended due to unusual activity. Please login immediately at http://www.account-alert.click/update to restore access.",phishing
"From: Northbridge Bank <no-reply@workspace.io>
Subject: Invoice #4521 for Your Recent Purchase
Good morning everyone, here are the notes from this week's standup. Please add any comments directly in the shared doc. https://www.workspace.io/secure

Ref ID: 564478

Thanks,
The Team",safe
"From: Zenith Cloud <no-reply@account-alert.click>
Subject: Security Alert - Unusual Login Detected
Your account has been temporarily suspended due to unusual activity. Please login immediately at http://account-alert.click/secure to restore access.

Ref ID: 396451",phishing
"From: Orbit Retail <no-reply@company.com>
Subject: Welcome to Our Service!
Hi, your invoice for the recent purchase is attached. Total amount due is listed on the invoice. Let us know if you have any questions. https://company.com/verify

Best,
Alex",safe
"From: Vantage Systems <no-reply@login-confirm.tk>
Subject: Action Required: Verify Your Identity Now
We noticed a login attempt from a new location. If this wasn't you, secure your account right away at https://login-confirm.tk/account.

Ref ID: 922615

Our security team requires immediate confirmation.",phishing
"From: Ivory Logistics <no-reply@account-alert.click>
Subject: Action Required: Verify Your Identity Now
IMPORTANT: Your tax refund of $2710 is pending. Provide your bank details at http://account-alert.click/confirm to receive the deposit immediately.

Ref ID: 774652

This link will expire soon. Act now to avoid losing access.",phishing
"From: Orbit Retail <no-reply@secure-verify.info>
Subject: Security Alert - Unusual Login Detected
IMPORTANT: Your tax refund of $2476 is pending. Provide your bank details at https://secure-verify.info/account to receive the deposit immediately.",phishing
"From: Orbit Retail <no-reply@teamhub.net>
Subject: Your Monthly Newsletter
Hello, thank you for subscribing to our newsletter. Here are this month's top articles and updates from our blog. https://teamhub.net/confirm

Best,
Alex",safe
"From: Bluepeak Telecom <no-reply@login-confirm.tk>
Subject: Your Password Has Expired - Reset Immediately
IMPORTANT: Your tax refund of $1934 is pending. Provide your bank details at http://login-confirm.tk/secure to receive the deposit immediately.

Our security team requires immediate confirmation.",phishing
"From: Northbridge Bank <no-reply@billing-check.click>
Subject: Your Password Has Expired - Reset Immediately
Dear Michael, we detected suspicious activity on your account. Click the link below within 24 hours to verify your identity or your account will be locked: https://billing-check.click/login

Ref ID: 302127

This link will expire soon. Act now to avoid losing access.",phishing
"From: Zenith Cloud <no-reply@workspace.io>
Subject: Meeting Reminder: Project Sync Tomorrow
Good morning everyone, here are the notes from this week's standup. Please add any comments directly in the shared doc. https://www.workspace.io/account

Best regards,
Sarah",safe
"From: Bluepeak Telecom <no-reply@company.com>
Subject: Your Order Has Shipped
Welcome aboard! We're excited to have you join our platform. Feel free to explore your dashboard and reach out if you have questions. https://www.company.com/verify

Ref ID: 420863

Regards,
Customer Support",safe
"From: Meridian Health <no-reply@secure-verify.info>
Subject: Final Notice: Account Deactivation Pending
Your account has been temporarily suspended due to unusual activity. Please login immediately at http://www.secure-verify.info/verify to restore access.

This link will expire soon. Act now to avoid losing access.",phishing
"From: Northbridge Bank <no-reply@company.com>
Subject: Welcome to Our Service!
Hi, this is a friendly reminder about your dentist appointment scheduled for Friday at 2pm. Please call if you need to reschedule. https://www.company.com/update

Cheers,
Mike",safe
"From: Zenith Cloud <no-reply@orgmail.com>
Subject: Your Monthly Newsletter
Hi, this is a friendly reminder about your dentist appointment scheduled for Friday at 2pm. Please call if you need to reschedule. https://orgmail.com/account

Best regards,
Sarah",safe
"From: Northbridge Bank <no-reply@company.com>
Subject: Your Order Has Shipped
Good morning everyone, here are the notes from this week's standup. Please add any comments directly in the shared doc. https://company.com/login

Best,
Alex",safe
"From: Ivory Logistics <no-reply@login-confirm.tk>
Subject: Your Password Has Expired - Reset Immediately
This is an automated security notice. Someone tried to access your account from an unrecognized device. Verify it was you here: https://www.login-confirm.tk/update

Ref ID: 185544

Our security team requires immediate confirmation.",phishing
"From: Cascade Airlines <no-reply@support-update.xyz>
Subject: Payment Failed - Update Your Billing Info
We noticed a login attempt from a new location. If this wasn't you, secure your account right away at http://support-update.xyz/update.

Failure to act within 24 hours will result in permanent suspension.",phishing
"From: Zenith Cloud <no-reply@support-update.xyz>
Subject: Your Password Has Expired - Reset Immediately
Dear Sarah, we detected suspicious activity on your account. Click the link below within 24 hours to verify your identity or your account will be locked: http://194.32.23.180/update

Ref ID: 925115

Our security team requires immediate confirmation.",phishing
"From: Cascade Airlines <no-reply@company.com>
Subject: Welcome to Our Service!
Hi, your invoice for the recent purchase is attached. Total amount due is listed on the invoice. Let us know if you have any questions. https://company.com/login

Ref ID: 879243

Best regards,
Sarah",safe
"From: Ivory Logistics <no-reply@teamhub.net>
Subject: Reminder: Dentist Appointment on Friday
Hello, thank you for subscribing to our newsletter. Here are this month's top articles and updates from our blog. https://www.teamhub.net/login

Best,
Alex",safe
"From: Northbridge Bank <no-reply@company.com>
Subject: Reminder: Dentist Appointment on Friday
Good morning everyone, here are the notes from this week's standup. Please add any comments directly in the shared doc. https://company.com/update

Cheers,
Mike",safe
"From: Meridian Health <no-reply@workspace.io>
Subject: Invoice #4521 for Your Recent Purchase
Hello, attached is your flight itinerary for the upcoming trip. Please check in online 24 hours before departure. https://workspace.io/verify

Ref ID: 653007

Best regards,
Sarah",safe
"From: Ivory Logistics <no-reply@company.com>
Subject: Meeting Reminder: Project Sync Tomorrow
Hi, your invoice for the recent purchase is attached. Total amount due is listed on the invoice. Let us know if you have any questions. https://www.company.com/secure

Ref ID: 510954

Thanks,
The Team",safe
"From: Bluepeak Telecom <no-reply@login-confirm.tk>
Subject: Confirm Your Bank Details to Avoid Suspension
IMPORTANT: Your tax refund of $429 is pending. Provide your bank details at https://www.login-confirm.tk/confirm to receive the deposit immediately.

Ref ID: 133659

Our security team requires immediate confirmation.",phishing
"From: Zenith Cloud <no-reply@orgmail.com>
Subject: Your Monthly Newsletter
Welcome aboard! We're excited to have you join our platform. Feel free to explore your dashboard and reach out if you have questions. https://orgmail.com/update

Best regards,
Sarah",safe
"From: Ivory Logistics <no-reply@billing-check.click>
Subject: Payment Failed - Update Your Billing Info
Your account has been temporarily suspended due to unusual activity. Please login immediately at https://billing-check.click/account to restore access.

Ref ID: 990844",phishing
"From: Cascade Airlines <no-reply@teamhub.net>
Subject: Reminder: Dentist Appointment on Friday
Hi, your invoice for the recent purchase is attached. Total amount due is listed on the invoice. Let us know if you have any questions. https://teamhub.net/secure

Ref ID: 528436

Best regards,
Sarah",safe
"From: Orbit Retail <no-reply@company.com>
Subject: Invoice #4521 for Your Recent Purchase
Hi team, just a reminder that our project sync is scheduled for tomorrow at 10am. Please review the attached agenda beforehand. https://company.com/verify

Ref ID: 806242

Best regards,
Sarah",safe
"From: Orbit Retail <no-reply@account-alert.click>
Subject: You Have Won a Prize! Claim Now
Your mailbox has exceeded its storage limit. Click http://account-alert.click/verify now to upgrade your storage and avoid losing your emails permanently.",phishing
"From: Northbridge Bank <no-reply@billing-check.click>
Subject: Action Required: Verify Your Identity Now
Dear Michael, we detected suspicious activity on your account. Click the link below within 24 hours to verify your identity or your account will be locked: https://www.billing-check.click/login",phishing
"From: Northbridge Bank <no-reply@login-confirm.tk>
Subject: Urgent: Your Account Will Be Suspended
We noticed a login attempt from a new location. If this wasn't you, secure your account right away at http://login-confirm.tk/verify.

Our security team requires immediate confirmation.",phishing
"From: Bluepeak Telecom <no-reply@teamhub.net>
Subject: Your Order Has Shipped
Hi, this is a friendly reminder about your dentist appointment scheduled for Friday at 2pm. Please call if you need to reschedule. https://www.teamhub.net/secure

Thanks,
The Team",safe
"From: Bluepeak Telecom <no-reply@teamhub.net>
Subject: Invoice #4521 for Your Recent Purchase
Hi team, just a reminder that our project sync is scheduled for tomorrow at 10am. Please review the attached agenda beforehand. https://www.teamhub.net/login

Regards,
Customer Support",safe
"From: Orbit Retail <no-reply@secure-verify.info>
Subject: Your Password Has Expired - Reset Immediately
We were unable to process your last payment. Update your billing information urgently at http://www.secure-verify.info/verify to avoid service interruption.

Ref ID: 766563

Our security team requires immediate confirmation.",phishing
"From: Orbit Retail <no-reply@orgmail.com>
Subject: Meeting Reminder: Project Sync Tomorrow
Hello, attached is your flight itinerary for the upcoming trip. Please check in online 24 hours before departure. https://www.orgmail.com/update

Ref ID: 608307

Best regards,
Sarah",safe
"From: Zenith Cloud <no-reply@company.com>
Subject: Your Flight Itinerary Confirmation
Hi, this is a friendly reminder about your dentist appointment scheduled for Friday at 2pm. Please call if you need to reschedule. https://company.com/login

Regards,
Customer Support",safe
"From: Vantage Systems <no-reply@login-confirm.tk>
Subject: Urgent: Your Account Will Be Suspended
Congratulations! You have been selected to receive a $999 gift card. Claim your reward now by visiting https://www.login-confirm.tk/update before it expires.

Failure to act within 24 hours will result in permanent suspension.",phishing
"From: Ivory Logistics <no-reply@orgmail.com>
Subject: Your Order Has Shipped
Hello, attached is your flight itinerary for the upcoming trip. Please check in online 24 hours before departure. https://www.orgmail.com/login

Best,
Alex",safe
"From: Ivory Logistics <no-reply@billing-check.click>
Subject: Action Required: Verify Your Identity Now
This is an automated security notice. Someone tried to access your account from an unrecognized device. Verify it was you here: http://billing-check.click/confirm

Our security team requires immediate confirmation.",phishing
"From: Bluepeak Telecom <no-reply@orgmail.com>
Subject: Meeting Reminder: Project Sync Tomorrow
Good morning everyone, here are the notes from this week's standup. Please add any comments directly in the shared doc. https://orgmail.com/secure

Ref ID: 413048

Regards,
Customer Support",safe
"From: Zenith Cloud <no-reply@login-confirm.tk>
Subject: Final Notice: Account Deactivation Pending
Your account has been temporarily suspended due to unusual activity. Please login immediately at http://110.110.234.212/verify to restore access.

Ref ID: 534603

Failure to act within 24 hours will result in permanent suspension.",phishing
"From: Meridian Health <no-reply@orgmail.com>
Subject: Your Monthly Newsletter
Hi, this is a friendly reminder about your dentist appointment scheduled for Friday at 2pm. Please call if you need to reschedule. https://orgmail.com/secure

Best regards,
Sarah",safe
"From: Bluepeak Telecom <no-reply@secure-verify.info>
Subject: Payment Failed - Update Your Billing Info
Your account has been temporarily suspended due to unusual activity. Please login immediately at https://secure-verify.info/update to restore access.

This link will expire soon. Act now to avoid losing access.",phishing
"From: Orbit Retail <no-reply@secure-verify.info>
Subject: You Have Won a Prize! Claim Now
We were unable to process your last payment. Update your billing information urgently at http://secure-verify.info/update to avoid service interruption.

This link will expire soon. Act now to avoid losing access.",phishing
"From: Bluepeak Telecom <no-reply@teamhub.net>
Subject: Your Monthly Newsletter
Good morning everyone, here are the notes from this week's standup. Please add any comments directly in the shared doc. https://teamhub.net/account

Thanks,
The Team",safe
"From: Meridian Health <no-reply@login-confirm.tk>
Subject: You Have Won a Prize! Claim Now
We noticed a login attempt from a new location. If this wasn't you, secure your account right away at http://www.login-confirm.tk/verify.

Ref ID: 371216

This link will expire soon. Act now to avoid losing access.",phishing
"From: Meridian Health <no-reply@account-alert.click>
Subject: Action Required: Verify Your Identity Now
This is an automated security notice. Someone tried to access your account from an unrecognized device. Verify it was you here: http://account-alert.click/verify

Ref ID: 882169

Our security team requires immediate confirmation.",phishing
"From: Bluepeak Telecom <no-reply@workspace.io>
Subject: Invoice #4521 for Your Recent Purchase
Hi team, just a reminder that our project sync is scheduled for tomorrow at 10am. Please review the attached agenda beforehand. https://www.workspace.io/update

Best,
Alex",safe
"From: Orbit Retail <no-reply@login-confirm.tk>
Subject: Urgent: Your Account Will Be Suspended
This is an automated security notice. Someone tried to access your account from an unrecognized device. Verify it was you here: http://113.231.127.25/verify

Ref ID: 164664

This link will expire soon. Act now to avoid losing access.",phishing
"From: Ivory Logistics <no-reply@billing-check.click>
Subject: Confirm Your Bank Details to Avoid Suspension
IMPORTANT: Your tax refund of $1212 is pending. Provide your bank details at http://billing-check.click/verify to receive the deposit immediately.

Our security team requires immediate confirmation.",phishing
"From: Ivory Logistics <no-reply@secure-verify.info>
Subject: Your Password Has Expired - Reset Immediately
We noticed a login attempt from a new location. If this wasn't you, secure your account right away at http://www.secure-verify.info/confirm.",phishing
"From: Zenith Cloud <no-reply@login-confirm.tk>
Subject: Confirm Your Bank Details to Avoid Suspension
Dear User, we detected suspicious activity on your account. Click the link below within 24 hours to verify your identity or your account will be locked: https://login-confirm.tk/verify

Ref ID: 254887

This link will expire soon. Act now to avoid losing access.",phishing
"From: Vantage Systems <no-reply@workspace.io>
Subject: Invoice #4521 for Your Recent Purchase
Hi, this is a friendly reminder about your dentist appointment scheduled for Friday at 2pm. Please call if you need to reschedule. https://www.workspace.io/update

Cheers,
Mike",safe
"From: Orbit Retail <no-reply@orgmail.com>
Subject: Your Order Has Shipped
Good morning everyone, here are the notes from this week's standup. Please add any comments directly in the shared doc. https://www.orgmail.com/account

Best,
Alex",safe
"From: Orbit Retail <no-reply@workspace.io>
Subject: Welcome to Our Service!
Hello, thank you for subscribing to our newsletter. Here are this month's top articles and updates from our blog. https://workspace.io/confirm

Thanks,
The Team",safe
"From: Cascade Airlines <no-reply@account-alert.click>
Subject: Action Required: Verify Your Identity Now
Congratulations! You have been selected to receive a $500 gift card. Claim your reward now by visiting http://100.136.203.21/update before it expires.

This link will expire soon. Act now to avoid losing access.",phishing
"From: Vantage Systems <no-reply@teamhub.net>
Subject: Your Order Has Shipped
Hi, this is a friendly reminder about your dentist appointment scheduled for Friday at 2pm. Please call if you need to reschedule. https://www.teamhub.net/account

Ref ID: 955604

Best regards,
Sarah",safe
"From: Northbridge Bank <no-reply@company.com>
Subject: Invoice #4521 for Your Recent Purchase
Hi, your invoice for the recent purchase is attached. Total amount due is listed on the invoice. Let us know if you have any questions. https://company.com/login

Ref ID: 746781

Regards,
Customer Support",safe
"From: Zenith Cloud <no-reply@orgmail.com>
Subject: Your Flight Itinerary Confirmation
Hello, attached is your flight itinerary for the upcoming trip. Please check in online 24 hours before departure. https://www.orgmail.com/login

Regards,
Customer Support",safe
"From: Cascade Airlines <no-reply@secure-verify.info>
Subject: Final Notice: Account Deactivation Pending
IMPORTANT: Your tax refund of $1698 is pending. Provide your bank details at http://190.32.52.205/verify to receive the deposit immediately.

Ref ID: 579776

Failure to act within 24 hours will result in permanent suspension.",phishing
"From: Cascade Airlines <no-reply@company.com>
Subject: Your Monthly Newsletter
Good morning everyone, here are the notes from this week's standup. Please add any comments directly in the shared doc. https://www.company.com/update

Best regards,
Sarah",safe
"From: Zenith Cloud <no-reply@workspace.io>
Subject: Meeting Reminder: Project Sync Tomorrow
Welcome aboard! We're excited to have you join our platform. Feel free to explore your dashboard and reach out if you have questions. https://www.workspace.io/confirm

Ref ID: 740405

Regards,
Customer Support",safe
"From: Northbridge Bank <no-reply@company.com>
Subject: Meeting Reminder: Project Sync Tomorrow
Hello, your order has shipped and is expected to arrive within 3-5 business days. You can track your package using the carrier's website. https://www.company.com/confirm

Ref ID: 903398

Cheers,
Mike",safe
"From: Zenith Cloud <no-reply@teamhub.net>
Subject: Weekly Team Standup Notes
Hello, your order has shipped and is expected to arrive within 3-5 business days. You can track your package using the carrier's website. https://teamhub.net/update

Cheers,
Mike",safe
"From: Cascade Airlines <no-reply@workspace.io>
Subject: Your Flight Itinerary Confirmation
Hello, attached is your flight itinerary for the upcoming trip. Please check in online 24 hours before departure. https://workspace.io/secure

Ref ID: 726667

Cheers,
Mike",safe
"From: Cascade Airlines <no-reply@orgmail.com>
Subject: Your Order Has Shipped
Hello, your order has shipped and is expected to arrive within 3-5 business days. You can track your package using the carrier's website. https://www.orgmail.com/confirm

Best regards,
Sarah",safe
"From: Zenith Cloud <no-reply@teamhub.net>
Subject: Meeting Reminder: Project Sync Tomorrow
Hello, thank you for subscribing to our newsletter. Here are this month's top articles and updates from our blog. https://teamhub.net/login

Regards,
Customer Support",safe
"From: Ivory Logistics <no-reply@teamhub.net>
Subject: Invoice #4521 for Your Recent Purchase
Hello, your order has shipped and is expected to arrive within 3-5 business days. You can track your package using the carrier's website. https://teamhub.net/secure

Ref ID: 824248

Best regards,
Sarah",safe
"From: Bluepeak Telecom <no-reply@support-update.xyz>
Subject: Confirm Your Bank Details to Avoid Suspension
Congratulations! You have been selected to receive a $250 gift card. Claim your reward now by visiting http://support-update.xyz/account before it expires.

This link will expire soon. Act now to avoid losing access.",phishing
"From: Meridian Health <no-reply@teamhub.net>
Subject: Your Monthly Newsletter
Hello, thank you for subscribing to our newsletter. Here are this month's top articles and updates from our blog. https://www.teamhub.net/secure

Cheers,
Mike",safe
"From: Bluepeak Telecom <no-reply@secure-verify.info>
Subject: Your Password Has Expired - Reset Immediately
This is an automated security notice. Someone tried to access your account from an unrecognized device. Verify it was you here: http://www.secure-verify.info/verify

This link will expire soon. Act now to avoid losing access.",phishing
"From: Ivory Logistics <no-reply@company.com>
Subject: Weekly Team Standup Notes
Hello, attached is your flight itinerary for the upcoming trip. Please check in online 24 hours before departure. https://company.com/confirm

Best regards,
Sarah",safe
"From: Vantage Systems <no-reply@secure-verify.info>
Subject: You Have Won a Prize! Claim Now
Your account has been temporarily suspended due to unusual activity. Please login immediately at http://www.secure-verify.info/secure to restore access.

This link will expire soon. Act now to avoid losing access.",phishing
"From: Orbit Retail <no-reply@billing-check.click>
Subject: Urgent: Your Account Will Be Suspended
This is an automated security notice. Someone tried to access your account from an unrecognized device. Verify it was you here: https://www.billing-check.click/update

Our security team requires immediate confirmation.",phishing
"From: Ivory Logistics <no-reply@login-confirm.tk>
Subject: Security Alert - Unusual Login Detected
Congratulations! You have been selected to receive a $500 gift card. Claim your reward now by visiting http://113.94.95.164/secure before it expires.

Ref ID: 743937

This link will expire soon. Act now to avoid losing access.",phishing
"From: Zenith Cloud <no-reply@company.com>
Subject: Invoice #4521 for Your Recent Purchase
Hello, attached is your flight itinerary for the upcoming trip. Please check in online 24 hours before departure. https://company.com/confirm

Thanks,
The Team",safe
"From: Zenith Cloud <no-reply@orgmail.com>
Subject: Weekly Team Standup Notes
Hello, attached is your flight itinerary for the upcoming trip. Please check in online 24 hours before departure. https://orgmail.com/update

Ref ID: 200932

Best,
Alex",safe
"From: Cascade Airlines <no-reply@teamhub.net>
Subject: Your Monthly Newsletter
Welcome aboard! We're excited to have you join our platform. Feel free to explore your dashboard and reach out if you have questions. https://teamhub.net/account

Best regards,
Sarah",safe
"From: Cascade Airlines <no-reply@company.com>
Subject: Your Order Has Shipped
Hello, thank you for subscribing to our newsletter. Here are this month's top articles and updates from our blog. https://www.company.com/login

Ref ID: 193982

Thanks,
The Team",safe
"From: Northbridge Bank <no-reply@teamhub.net>
Subject: Meeting Reminder: Project Sync Tomorrow
Hi team, just a reminder that our project sync is scheduled for tomorrow at 10am. Please review the attached agenda beforehand. https://teamhub.net/login

Best regards,
Sarah",safe
"From: Cascade Airlines <no-reply@support-update.xyz>
Subject: Security Alert - Unusual Login Detected
IMPORTANT: Your tax refund of $2155 is pending. Provide your bank details at http://www.support-update.xyz/login to receive the deposit immediately.

Ref ID: 360096

Failure to act within 24 hours will result in permanent suspension.",phishing
"From: Ivory Logistics <no-reply@company.com>
Subject: Welcome to Our Service!
Hi team, just a reminder that our project sync is scheduled for tomorrow at 10am. Please review the attached agenda beforehand. https://www.company.com/secure

Best regards,
Sarah",safe
"From: Orbit Retail <no-reply@workspace.io>
Subject: Welcome to Our Service!
Hi, your invoice for the recent purchase is attached. Total amount due is listed on the invoice. Let us know if you have any questions. https://www.workspace.io/login

Regards,
Customer Support",safe
"From: Zenith Cloud <no-reply@support-update.xyz>
Subject: Action Required: Verify Your Identity Now
Dear User, we detected suspicious activity on your account. Click the link below within 24 hours to verify your identity or your account will be locked: http://76.161.201.180/verify

This link will expire soon. Act now to avoid losing access.",phishing
"From: Zenith Cloud <no-reply@workspace.io>
Subject: Reminder: Dentist Appointment on Friday
Hi, your invoice for the recent purchase is attached. Total amount due is listed on the invoice. Let us know if you have any questions. https://www.workspace.io/update

Ref ID: 202444

Best,
Alex",safe
"From: Northbridge Bank <no-reply@workspace.io>
Subject: Your Monthly Newsletter
Good morning everyone, here are the notes from this week's standup. Please add any comments directly in the shared doc. https://www.workspace.io/verify

Regards,
Customer Support",safe
"From: Zenith Cloud <no-reply@support-update.xyz>
Subject: Confirm Your Bank Details to Avoid Suspension
Dear Liam, we detected suspicious activity on your account. Click the link below within 24 hours to verify your identity or your account will be locked: https://support-update.xyz/update

Ref ID: 164879",phishing
"From: Bluepeak Telecom <no-reply@orgmail.com>
Subject: Invoice #4521 for Your Recent Purchase
Welcome aboard! We're excited to have you join our platform. Feel free to explore your dashboard and reach out if you have questions. https://www.orgmail.com/update

Cheers,
Mike",safe
"From: Bluepeak Telecom <no-reply@workspace.io>
Subject: Invoice #4521 for Your Recent Purchase
Hi, your invoice for the recent purchase is attached. Total amount due is listed on the invoice. Let us know if you have any questions. https://www.workspace.io/confirm

Ref ID: 539507

Regards,
Customer Support",safe
"From: Cascade Airlines <no-reply@workspace.io>
Subject: Your Flight Itinerary Confirmation
Hi, this is a friendly reminder about your dentist appointment scheduled for Friday at 2pm. Please call if you need to reschedule. https://www.workspace.io/update

Ref ID: 397388

Regards,
Customer Support",safe
"From: Cascade Airlines <no-reply@support-update.xyz>
Subject: Final Notice: Account Deactivation Pending
This is an automated security notice. Someone tried to access your account from an unrecognized device. Verify it was you here: https://support-update.xyz/verify

Our security team requires immediate confirmation.",phishing
"From: Vantage Systems <no-reply@support-update.xyz>
Subject: Action Required: Verify Your Identity Now
Your account has been temporarily suspended due to unusual activity. Please login immediately at http://www.support-update.xyz/login to restore access.

Our security team requires immediate confirmation.",phishing
"From: Northbridge Bank <no-reply@workspace.io>
Subject: Welcome to Our Service!
Hello, your order has shipped and is expected to arrive within 3-5 business days. You can track your package using the carrier's website. https://workspace.io/confirm

Ref ID: 237962

Thanks,
The Team",safe
"From: Cascade Airlines <no-reply@company.com>
Subject: Your Order Has Shipped
Good morning everyone, here are the notes from this week's standup. Please add any comments directly in the shared doc. https://www.company.com/login

Ref ID: 306198

Cheers,
Mike",safe
"From: Ivory Logistics <no-reply@login-confirm.tk>
Subject: Urgent: Your Account Will Be Suspended
We were unable to process your last payment. Update your billing information urgently at http://login-confirm.tk/login to avoid service interruption.",phishing
"From: Meridian Health <no-reply@secure-verify.info>
Subject: Payment Failed - Update Your Billing Info
Dear Sarah, we detected suspicious activity on your account. Click the link below within 24 hours to verify your identity or your account will be locked: http://secure-verify.info/confirm

Ref ID: 601968",phishing
"From: Vantage Systems <no-reply@secure-verify.info>
Subject: Payment Failed - Update Your Billing Info
We were unable to process your last payment. Update your billing information urgently at http://secure-verify.info/confirm to avoid service interruption.

Our security team requires immediate confirmation.",phishing
"From: Ivory Logistics <no-reply@teamhub.net>
Subject: Invoice #4521 for Your Recent Purchase
Hello, attached is your flight itinerary for the upcoming trip. Please check in online 24 hours before departure. https://www.teamhub.net/login

Ref ID: 533648

Cheers,
Mike",safe
"From: Meridian Health <no-reply@teamhub.net>
Subject: Weekly Team Standup Notes
Hello, attached is your flight itinerary for the upcoming trip. Please check in online 24 hours before departure. https://teamhub.net/update

Regards,
Customer Support",safe
"From: Zenith Cloud <no-reply@support-update.xyz>
Subject: Confirm Your Bank Details to Avoid Suspension
Dear Michael, we detected suspicious activity on your account. Click the link below within 24 hours to verify your identity or your account will be locked: http://support-update.xyz/confirm

Our security team requires immediate confirmation.",phishing
"From: Cascade Airlines <no-reply@orgmail.com>
Subject: Your Flight Itinerary Confirmation
Welcome aboard! We're excited to have you join our platform. Feel free to explore your dashboard and reach out if you have questions. https://www.orgmail.com/confirm

Ref ID: 265603

Cheers,
Mike",safe
"From: Northbridge Bank <no-reply@orgmail.com>
Subject: Welcome to Our Service!
Good morning everyone, here are the notes from this week's standup. Please add any comments directly in the shared doc. https://orgmail.com/account

Best,
Alex",safe
"From: Ivory Logistics <no-reply@teamhub.net>
Subject: Your Flight Itinerary Confirmation
Hello, thank you for subscribing to our newsletter. Here are this month's top articles and updates from our blog. https://www.teamhub.net/confirm

Ref ID: 721748

Thanks,
The Team",safe
"From: Meridian Health <no-reply@orgmail.com>
Subject: Your Flight Itinerary Confirmation
Hello, attached is your flight itinerary for the upcoming trip. Please check in online 24 hours before departure. https://www.orgmail.com/update

Regards,
Customer Support",safe
"From: Zenith Cloud <no-reply@support-update.xyz>
Subject: Security Alert - Unusual Login Detected
Congratulations! You have been selected to receive a $250 gift card. Claim your reward now by visiting http://support-update.xyz/secure before it expires.

Failure to act within 24 hours will result in permanent suspension.",phishing
"From: Northbridge Bank <no-reply@teamhub.net>
Subject: Your Order Has Shipped
Hi, this is a friendly reminder about your dentist appointment scheduled for Friday at 2pm. Please call if you need to reschedule. https://teamhub.net/verify

Regards,
Customer Support",safe
"From: Meridian Health <no-reply@support-update.xyz>
Subject: Urgent: Your Account Will Be Suspended
Your account has been temporarily suspended due to unusual activity. Please login immediately at http://www.support-update.xyz/confirm to restore access.",phishing
"From: Vantage Systems <no-reply@orgmail.com>
Subject: Your Monthly Newsletter
Hi, your invoice for the recent purchase is attached. Total amount due is listed on the invoice. Let us know if you have any questions. https://orgmail.com/secure

Thanks,
The Team",safe
"From: Meridian Health <no-reply@billing-check.click>
Subject: Security Alert - Unusual Login Detected
We were unable to process your last payment. Update your billing information urgently at http://19.70.170.206/update to avoid service interruption.

Ref ID: 640546

This link will expire soon. Act now to avoid losing access.",phishing
"From: Orbit Retail <no-reply@login-confirm.tk>
Subject: Confirm Your Bank Details to Avoid Suspension
This is an automated security notice. Someone tried to access your account from an unrecognized device. Verify it was you here: http://login-confirm.tk/account

This link will expire soon. Act now to avoid losing access.",phishing
"From: Orbit Retail <no-reply@billing-check.click>
Subject: Your Password Has Expired - Reset Immediately
Dear Priya, we detected suspicious activity on your account. Click the link below within 24 hours to verify your identity or your account will be locked: http://11.201.43.79/verify

Ref ID: 777308

This link will expire soon. Act now to avoid losing access.",phishing
"From: Meridian Health <no-reply@orgmail.com>
Subject: Your Monthly Newsletter
Good morning everyone, here are the notes from this week's standup. Please add any comments directly in the shared doc. https://orgmail.com/verify

Cheers,
Mike",safe
"From: Orbit Retail <no-reply@teamhub.net>
Subject: Reminder: Dentist Appointment on Friday
Welcome aboard! We're excited to have you join our platform. Feel free to explore your dashboard and reach out if you have questions. https://www.teamhub.net/verify

Ref ID: 215674

Best,
Alex",safe
"From: Zenith Cloud <no-reply@teamhub.net>
Subject: Meeting Reminder: Project Sync Tomorrow
Hi, this is a friendly reminder about your dentist appointment scheduled for Friday at 2pm. Please call if you need to reschedule. https://www.teamhub.net/account

Ref ID: 173807

Cheers,
Mike",safe
"From: Ivory Logistics <no-reply@billing-check.click>
Subject: Security Alert - Unusual Login Detected
This is an automated security notice. Someone tried to access your account from an unrecognized device. Verify it was you here: https://billing-check.click/update

Our security team requires immediate confirmation.",phishing
"From: Cascade Airlines <no-reply@login-confirm.tk>
Subject: You Have Won a Prize! Claim Now
Congratulations! You have been selected to receive a $750 gift card. Claim your reward now by visiting http://www.login-confirm.tk/secure before it expires.

Ref ID: 900185

This link will expire soon. Act now to avoid losing access.",phishing
"From: Northbridge Bank <no-reply@teamhub.net>
Subject: Your Monthly Newsletter
Hello, your order has shipped and is expected to arrive within 3-5 business days. You can track your package using the carrier's website. https://www.teamhub.net/secure

Ref ID: 831396

Regards,
Customer Support",safe
"From: Ivory Logistics <no-reply@workspace.io>
Subject: Reminder: Dentist Appointment on Friday
Hi, your invoice for the recent purchase is attached. Total amount due is listed on the invoice. Let us know if you have any questions. https://www.workspace.io/secure

Regards,
Customer Support",safe
"From: Meridian Health <no-reply@workspace.io>
Subject: Reminder: Dentist Appointment on Friday
Hi team, just a reminder that our project sync is scheduled for tomorrow at 10am. Please review the attached agenda beforehand. https://www.workspace.io/login

Cheers,
Mike",safe
"From: Meridian Health <no-reply@account-alert.click>
Subject: Final Notice: Account Deactivation Pending
Your mailbox has exceeded its storage limit. Click https://account-alert.click/confirm now to upgrade your storage and avoid losing your emails permanently.

Ref ID: 137034

This link will expire soon. Act now to avoid losing access.",phishing
"From: Cascade Airlines <no-reply@company.com>
Subject: Your Order Has Shipped
Hi team, just a reminder that our project sync is scheduled for tomorrow at 10am. Please review the attached agenda beforehand. https://www.company.com/login

Ref ID: 792956

Best,
Alex",safe
"From: Ivory Logistics <no-reply@login-confirm.tk>
Subject: You Have Won a Prize! Claim Now
Dear Alex, we detected suspicious activity on your account. Click the link below within 24 hours to verify your identity or your account will be locked: http://login-confirm.tk/login",phishing
"From: Meridian Health <no-reply@teamhub.net>
Subject: Your Monthly Newsletter
Hello, thank you for subscribing to our newsletter. Here are this month's top articles and updates from our blog. https://teamhub.net/confirm

Ref ID: 703080

Best,
Alex",safe
"From: Ivory Logistics <no-reply@login-confirm.tk>
Subject: Confirm Your Bank Details to Avoid Suspension
Congratulations! You have been selected to receive a $999 gift card. Claim your reward now by visiting http://164.54.171.73/login before it expires.

This link will expire soon. Act now to avoid losing access.",phishing
"From: Ivory Logistics <no-reply@company.com>
Subject: Reminder: Dentist Appointment on Friday
Hi, your invoice for the recent purchase is attached. Total amount due is listed on the invoice. Let us know if you have any questions. https://www.company.com/secure

Ref ID: 416793

Best,
Alex",safe
"From: Vantage Systems <no-reply@orgmail.com>
Subject: Reminder: Dentist Appointment on Friday
Hello, thank you for subscribing to our newsletter. Here are this month's top articles and updates from our blog. https://www.orgmail.com/account

Best,
Alex",safe
"From: Bluepeak Telecom <no-reply@company.com>
Subject: Reminder: Dentist Appointment on Friday
Hi team, just a reminder that our project sync is scheduled for tomorrow at 10am. Please review the attached agenda beforehand. https://company.com/confirm

Ref ID: 836333

Best,
Alex",safe
"From: Ivory Logistics <no-reply@login-confirm.tk>
Subject: Confirm Your Bank Details to Avoid Suspension
Congratulations! You have been selected to receive a $999 gift card. Claim your reward now by visiting https://login-confirm.tk/verify before it expires.

Ref ID: 160831

Failure to act within 24 hours will result in permanent suspension.",phishing
"From: Meridian Health <no-reply@teamhub.net>
Subject: Weekly Team Standup Notes
Hi, your invoice for the recent purchase is attached. Total amount due is listed on the invoice. Let us know if you have any questions. https://www.teamhub.net/verify

Best,
Alex",safe
"From: Northbridge Bank <no-reply@workspace.io>
Subject: Your Flight Itinerary Confirmation
Hi, your invoice for the recent purchase is attached. Total amount due is listed on the invoice. Let us know if you have any questions. https://www.workspace.io/login

Cheers,
Mike",safe
"From: Zenith Cloud <no-reply@orgmail.com>
Subject: Invoice #4521 for Your Recent Purchase
Hello, thank you for subscribing to our newsletter. Here are this month's top articles and updates from our blog. https://orgmail.com/secure

Cheers,
Mike",safe
"From: Zenith Cloud <no-reply@support-update.xyz>
Subject: You Have Won a Prize! Claim Now
This is an automated security notice. Someone tried to access your account from an unrecognized device. Verify it was you here: http://95.163.41.36/account

This link will expire soon. Act now to avoid losing access.",phishing
"From: Zenith Cloud <no-reply@secure-verify.info>
Subject: Your Password Has Expired - Reset Immediately
We were unable to process your last payment. Update your billing information urgently at http://136.13.184.142/verify to avoid service interruption.

This link will expire soon. Act now to avoid losing access.",phishing
"From: Cascade Airlines <no-reply@teamhub.net>
Subject: Weekly Team Standup Notes
Hello, thank you for subscribing to our newsletter. Here are this month's top articles and updates from our blog. https://www.teamhub.net/update

Ref ID: 606957

Best,
Alex",safe
"From: Vantage Systems <no-reply@company.com>
Subject: Meeting Reminder: Project Sync Tomorrow
Hello, attached is your flight itinerary for the upcoming trip. Please check in online 24 hours before departure. https://www.company.com/confirm

Ref ID: 466634

Best,
Alex",safe
"From: Orbit Retail <no-reply@account-alert.click>
Subject: Payment Failed - Update Your Billing Info
Your mailbox has exceeded its storage limit. Click http://account-alert.click/account now to upgrade your storage and avoid losing your emails permanently.

Failure to act within 24 hours will result in permanent suspension.",phishing
"From: Cascade Airlines <no-reply@support-update.xyz>
Subject: Final Notice: Account Deactivation Pending
We noticed a login attempt from a new location. If this wasn't you, secure your account right away at https://www.support-update.xyz/secure.

Ref ID: 388204

This link will expire soon. Act now to avoid losing access.",phishing
"From: Ivory Logistics <no-reply@orgmail.com>
Subject: Your Monthly Newsletter
Hi, your invoice for the recent purchase is attached. Total amount due is listed on the invoice. Let us know if you have any questions. https://www.orgmail.com/account

Best,
Alex",safe
"From: Vantage Systems <no-reply@orgmail.com>
Subject: Invoice #4521 for Your Recent Purchase
Hello, thank you for subscribing to our newsletter. Here are this month's top articles and updates from our blog. https://orgmail.com/verify

Best,
Alex",safe
"From: Meridian Health <no-reply@billing-check.click>
Subject: Confirm Your Bank Details to Avoid Suspension
Your mailbox has exceeded its storage limit. Click http://41.194.202.210/confirm now to upgrade your storage and avoid losing your emails permanently.

Ref ID: 848831

Failure to act within 24 hours will result in permanent suspension.",phishing
"From: Orbit Retail <no-reply@workspace.io>
Subject: Your Monthly Newsletter
Hello, your order has shipped and is expected to arrive within 3-5 business days. You can track your package using the carrier's website. https://workspace.io/verify

Best,
Alex",safe
"From: Orbit Retail <no-reply@orgmail.com>
Subject: Your Order Has Shipped
Hi, your invoice for the recent purchase is attached. Total amount due is listed on the invoice. Let us know if you have any questions. https://orgmail.com/secure

Ref ID: 108474

Best,
Alex",safe
"From: Zenith Cloud <no-reply@company.com>
Subject: Meeting Reminder: Project Sync Tomorrow
Good morning everyone, here are the notes from this week's standup. Please add any comments directly in the shared doc. https://www.company.com/login

Ref ID: 416298

Best regards,
Sarah",safe
"From: Northbridge Bank <no-reply@teamhub.net>
Subject: Meeting Reminder: Project Sync Tomorrow
Hi, your invoice for the recent purchase is attached. Total amount due is listed on the invoice. Let us know if you have any questions. https://teamhub.net/verify

Regards,
Customer Support",safe
"From: Ivory Logistics <no-reply@orgmail.com>
Subject: Reminder: Dentist Appointment on Friday
Welcome aboard! We're excited to have you join our platform. Feel free to explore your dashboard and reach out if you have questions. https://www.orgmail.com/account

Thanks,
The Team",safe
"From: Cascade Airlines <no-reply@company.com>
Subject: Your Order Has Shipped
Hello, attached is your flight itinerary for the upcoming trip. Please check in online 24 hours before departure. https://www.company.com/verify

Cheers,
Mike",safe
"From: Vantage Systems <no-reply@support-update.xyz>
Subject: Confirm Your Bank Details to Avoid Suspension
This is an automated security notice. Someone tried to access your account from an unrecognized device. Verify it was you here: http://153.139.70.28/update

Ref ID: 153231

This link will expire soon. Act now to avoid losing access.",phishing
"From: Bluepeak Telecom <no-reply@company.com>
Subject: Your Flight Itinerary Confirmation
Welcome aboard! We're excited to have you join our platform. Feel free to explore your dashboard and reach out if you have questions. https://company.com/secure

Best,
Alex",safe
"From: Northbridge Bank <no-reply@billing-check.click>
Subject: Payment Failed - Update Your Billing Info
We noticed a login attempt from a new location. If this wasn't you, secure your account right away at http://billing-check.click/secure.

This link will expire soon. Act now to avoid losing access.",phishing
"From: Northbridge Bank <no-reply@workspace.io>
Subject: Your Monthly Newsletter
Hello, attached is your flight itinerary for the upcoming trip. Please check in online 24 hours before departure. https://www.workspace.io/login

Regards,
Customer Support",safe
"From: Northbridge Bank <no-reply@billing-check.click>
Subject: Security Alert - Unusual Login Detected
We noticed a login attempt from a new location. If this wasn't you, secure your account right away at http://104.40.19.186/login.

Our security team requires immediate confirmation.",phishing
"From: Meridian Health <no-reply@support-update.xyz>
Subject: Your Password Has Expired - Reset Immediately
We were unable to process your last payment. Update your billing information urgently at http://support-update.xyz/secure to avoid service interruption.

This link will expire soon. Act now to avoid losing access.",phishing
"From: Meridian Health <no-reply@account-alert.click>
Subject: Security Alert - Unusual Login Detected
Your account has been temporarily suspended due to unusual activity. Please login immediately at https://www.account-alert.click/account to restore access.

Our security team requires immediate confirmation.",phishing
"From: Vantage Systems <no-reply@teamhub.net>
Subject: Meeting Reminder: Project Sync Tomorrow
Good morning everyone, here are the notes from this week's standup. Please add any comments directly in the shared doc. https://www.teamhub.net/confirm

Best,
Alex",safe
"From: Orbit Retail <no-reply@support-update.xyz>
Subject: Urgent: Your Account Will Be Suspended
We were unable to process your last payment. Update your billing information urgently at http://87.108.70.196/login to avoid service interruption.

Ref ID: 621546",phishing
"From: Orbit Retail <no-reply@login-confirm.tk>
Subject: Urgent: Your Account Will Be Suspended
We noticed a login attempt from a new location. If this wasn't you, secure your account right away at http://login-confirm.tk/secure.

Failure to act within 24 hours will result in permanent suspension.",phishing
"From: Orbit Retail <no-reply@billing-check.click>
Subject: Your Password Has Expired - Reset Immediately
Congratulations! You have been selected to receive a $750 gift card. Claim your reward now by visiting http://www.billing-check.click/update before it expires.

Ref ID: 869649

Our security team requires immediate confirmation.",phishing
"From: Meridian Health <no-reply@workspace.io>
Subject: Weekly Team Standup Notes
Hi, your invoice for the recent purchase is attached. Total amount due is listed on the invoice. Let us know if you have any questions. https://www.workspace.io/confirm

Thanks,
The Team",safe
"From: Bluepeak Telecom <no-reply@workspace.io>
Subject: Welcome to Our Service!
Hello, thank you for subscribing to our newsletter. Here are this month's top articles and updates from our blog. https://workspace.io/secure

Ref ID: 926045

Best regards,
Sarah",safe
"From: Ivory Logistics <no-reply@login-confirm.tk>
Subject: Security Alert - Unusual Login Detected
We noticed a login attempt from a new location. If this wasn't you, secure your account right away at http://www.login-confirm.tk/account.

Ref ID: 954815",phishing
"From: Zenith Cloud <no-reply@billing-check.click>
Subject: Security Alert - Unusual Login Detected
IMPORTANT: Your tax refund of $373 is pending. Provide your bank details at https://billing-check.click/update to receive the deposit immediately.",phishing
"From: Meridian Health <no-reply@orgmail.com>
Subject: Welcome to Our Service!
Hi, this is a friendly reminder about your dentist appointment scheduled for Friday at 2pm. Please call if you need to reschedule. https://orgmail.com/update

Cheers,
Mike",safe
"From: Zenith Cloud <no-reply@support-update.xyz>
Subject: Action Required: Verify Your Identity Now
We were unable to process your last payment. Update your billing information urgently at http://140.205.173.206/verify to avoid service interruption.

Ref ID: 766764

Failure to act within 24 hours will result in permanent suspension.",phishing
"From: Meridian Health <no-reply@secure-verify.info>
Subject: Confirm Your Bank Details to Avoid Suspension
We noticed a login attempt from a new location. If this wasn't you, secure your account right away at http://76.160.6.181/secure.

This link will expire soon. Act now to avoid losing access.",phishing
"From: Cascade Airlines <no-reply@account-alert.click>
Subject: Your Password Has Expired - Reset Immediately
We were unable to process your last payment. Update your billing information urgently at http://www.account-alert.click/verify to avoid service interruption.

Ref ID: 142608",phishing
"From: Northbridge Bank <no-reply@teamhub.net>
Subject: Weekly Team Standup Notes
Welcome aboard! We're excited to have you join our platform. Feel free to explore your dashboard and reach out if you have questions. https://teamhub.net/login

Best,
Alex",safe
"From: Northbridge Bank <no-reply@secure-verify.info>
Subject: Payment Failed - Update Your Billing Info
Dear Alex, we detected suspicious activity on your account. Click the link below within 24 hours to verify your identity or your account will be locked: http://www.secure-verify.info/secure",phishing
"From: Orbit Retail <no-reply@support-update.xyz>
Subject: Urgent: Your Account Will Be Suspended
This is an automated security notice. Someone tried to access your account from an unrecognized device. Verify it was you here: http://www.support-update.xyz/login

This link will expire soon. Act now to avoid losing access.",phishing
"From: Orbit Retail <no-reply@billing-check.click>
Subject: Your Password Has Expired - Reset Immediately
This is an automated security notice. Someone tried to access your account from an unrecognized device. Verify it was you here: http://billing-check.click/account

Failure to act within 24 hours will result in permanent suspension.",phishing
"From: Cascade Airlines <no-reply@teamhub.net>
Subject: Your Flight Itinerary Confirmation
Hello, your order has shipped and is expected to arrive within 3-5 business days. You can track your package using the carrier's website. https://teamhub.net/update

Cheers,
Mike",safe
"From: Zenith Cloud <no-reply@secure-verify.info>
Subject: You Have Won a Prize! Claim Now
Your account has been temporarily suspended due to unusual activity. Please login immediately at http://30.242.59.79/confirm to restore access.

Our security team requires immediate confirmation.",phishing
"From: Zenith Cloud <no-reply@teamhub.net>
Subject: Invoice #4521 for Your Recent Purchase
Hello, attached is your flight itinerary for the upcoming trip. Please check in online 24 hours before departure. https://www.teamhub.net/secure

Best regards,
Sarah",safe
"From: Ivory Logistics <no-reply@teamhub.net>
Subject: Your Order Has Shipped
Hello, attached is your flight itinerary for the upcoming trip. Please check in online 24 hours before departure. https://teamhub.net/secure

Ref ID: 233299

Regards,
Customer Support",safe
"From: Zenith Cloud <no-reply@account-alert.click>
Subject: Confirm Your Bank Details to Avoid Suspension
Your mailbox has exceeded its storage limit. Click https://www.account-alert.click/update now to upgrade your storage and avoid losing your emails permanently.

Failure to act within 24 hours will result in permanent suspension.",phishing
"From: Northbridge Bank <no-reply@workspace.io>
Subject: Meeting Reminder: Project Sync Tomorrow
Good morning everyone, here are the notes from this week's standup. Please add any comments directly in the shared doc. https://workspace.io/secure

Ref ID: 408721

Best,
Alex",safe
"From: Northbridge Bank <no-reply@orgmail.com>
Subject: Meeting Reminder: Project Sync Tomorrow
Good morning everyone, here are the notes from this week's standup. Please add any comments directly in the shared doc. https://www.orgmail.com/account

Thanks,
The Team",safe
"From: Zenith Cloud <no-reply@workspace.io>
Subject: Welcome to Our Service!
Welcome aboard! We're excited to have you join our platform. Feel free to explore your dashboard and reach out if you have questions. https://workspace.io/login

Ref ID: 509260

Cheers,
Mike",safe
"From: Vantage Systems <no-reply@support-update.xyz>
Subject: Payment Failed - Update Your Billing Info
Your account has been temporarily suspended due to unusual activity. Please login immediately at http://155.85.188.41/account to restore access.

Failure to act within 24 hours will result in permanent suspension.",phishing
"From: Ivory Logistics <no-reply@orgmail.com>
Subject: Your Flight Itinerary Confirmation
Hello, thank you for subscribing to our newsletter. Here are this month's top articles and updates from our blog. https://orgmail.com/verify

Regards,
Customer Support",safe
"From: Bluepeak Telecom <no-reply@company.com>
Subject: Meeting Reminder: Project Sync Tomorrow
Hello, attached is your flight itinerary for the upcoming trip. Please check in online 24 hours before departure. https://company.com/secure

Ref ID: 250331

Regards,
Customer Support",safe
"From: Meridian Health <no-reply@orgmail.com>
Subject: Welcome to Our Service!
Hello, thank you for subscribing to our newsletter. Here are this month's top articles and updates from our blog. https://orgmail.com/confirm

Cheers,
Mike",safe
"From: Ivory Logistics <no-reply@orgmail.com>
Subject: Invoice #4521 for Your Recent Purchase
Hello, your order has shipped and is expected to arrive within 3-5 business days. You can track your package using the carrier's website. https://orgmail.com/secure

Best regards,
Sarah",safe
"From: Ivory Logistics <no-reply@company.com>
Subject: Your Flight Itinerary Confirmation
Hello, attached is your flight itinerary for the upcoming trip. Please check in online 24 hours before departure. https://www.company.com/account

Ref ID: 648684

Cheers,
Mike",safe
"From: Meridian Health <no-reply@orgmail.com>
Subject: Weekly Team Standup Notes
Good morning everyone, here are the notes from this week's standup. Please add any comments directly in the shared doc. https://www.orgmail.com/secure

Regards,
Customer Support",safe
"From: Ivory Logistics <no-reply@workspace.io>
Subject: Reminder: Dentist Appointment on Friday
Hi, this is a friendly reminder about your dentist appointment scheduled for Friday at 2pm. Please call if you need to reschedule. https://www.workspace.io/secure

Regards,
Customer Support",safe
"From: Bluepeak Telecom <no-reply@account-alert.click>
Subject: Payment Failed - Update Your Billing Info
We were unable to process your last payment. Update your billing information urgently at http://www.account-alert.click/verify to avoid service interruption.",phishing
"From: Bluepeak Telecom <no-reply@teamhub.net>
Subject: Reminder: Dentist Appointment on Friday
Welcome aboard! We're excited to have you join our platform. Feel free to explore your dashboard and reach out if you have questions. https://teamhub.net/secure

Ref ID: 245824

Thanks,
The Team",safe
"From: Zenith Cloud <no-reply@teamhub.net>
Subject: Your Flight Itinerary Confirmation
Hello, your order has shipped and is expected to arrive within 3-5 business days. You can track your package using the carrier's website. https://teamhub.net/update

Ref ID: 580115

Best regards,
Sarah",safe
"From: Bluepeak Telecom <no-reply@support-update.xyz>
Subject: Confirm Your Bank Details to Avoid Suspension
Congratulations! You have been selected to receive a $500 gift card. Claim your reward now by visiting http://support-update.xyz/verify before it expires.

Ref ID: 492127

This link will expire soon. Act now to avoid losing access.",phishing
"From: Orbit Retail <no-reply@login-confirm.tk>
Subject: Security Alert - Unusual Login Detected
This is an automated security notice. Someone tried to access your account from an unrecognized device. Verify it was you here: http://168.125.151.128/verify

Ref ID: 393366",phishing
"From: Meridian Health <no-reply@workspace.io>
Subject: Your Flight Itinerary Confirmation
Hi, this is a friendly reminder about your dentist appointment scheduled for Friday at 2pm. Please call if you need to reschedule. https://www.workspace.io/update

Regards,
Customer Support",safe
"From: Northbridge Bank <no-reply@teamhub.net>
Subject: Your Flight Itinerary Confirmation
Hello, attached is your flight itinerary for the upcoming trip. Please check in online 24 hours before departure. https://www.teamhub.net/login

Cheers,
Mike",safe
"From: Meridian Health <no-reply@billing-check.click>
Subject: Final Notice: Account Deactivation Pending
We were unable to process your last payment. Update your billing information urgently at http://billing-check.click/update to avoid service interruption.",phishing
"From: Meridian Health <no-reply@company.com>
Subject: Your Flight Itinerary Confirmation
Hi team, just a reminder that our project sync is scheduled for tomorrow at 10am. Please review the attached agenda beforehand. https://company.com/login

Regards,
Customer Support",safe
"From: Ivory Logistics <no-reply@support-update.xyz>
Subject: Confirm Your Bank Details to Avoid Suspension
We noticed a login attempt from a new location. If this wasn't you, secure your account right away at http://www.support-update.xyz/secure.

Ref ID: 859364

Our security team requires immediate confirmation.",phishing
"From: Cascade Airlines <no-reply@orgmail.com>
Subject: Meeting Reminder: Project Sync Tomorrow
Hi, your invoice for the recent purchase is attached. Total amount due is listed on the invoice. Let us know if you have any questions. https://orgmail.com/login

Best,
Alex",safe
"From: Ivory Logistics <no-reply@workspace.io>
Subject: Your Order Has Shipped
Hello, attached is your flight itinerary for the upcoming trip. Please check in online 24 hours before departure. https://workspace.io/secure

Best,
Alex",safe
"From: Northbridge Bank <no-reply@workspace.io>
Subject: Weekly Team Standup Notes
Welcome aboard! We're excited to have you join our platform. Feel free to explore your dashboard and reach out if you have questions. https://www.workspace.io/login

Ref ID: 354897

Best regards,
Sarah",safe
"From: Bluepeak Telecom <no-reply@secure-verify.info>
Subject: Urgent: Your Account Will Be Suspended
IMPORTANT: Your tax refund of $1122 is pending. Provide your bank details at http://www.secure-verify.info/update to receive the deposit immediately.

Our security team requires immediate confirmation.",phishing
"From: Northbridge Bank <no-reply@secure-verify.info>
Subject: Confirm Your Bank Details to Avoid Suspension
We noticed a login attempt from a new location. If this wasn't you, secure your account right away at https://secure-verify.info/secure.

Ref ID: 532368

Failure to act within 24 hours will result in permanent suspension.",phishing
"From: Orbit Retail <no-reply@company.com>
Subject: Your Order Has Shipped
Hello, your order has shipped and is expected to arrive within 3-5 business days. You can track your package using the carrier's website. https://company.com/update

Regards,
Customer Support",safe
"From: Zenith Cloud <no-reply@teamhub.net>
Subject: Invoice #4521 for Your Recent Purchase
Hi, this is a friendly reminder about your dentist appointment scheduled for Friday at 2pm. Please call if you need to reschedule. https://www.teamhub.net/update

Ref ID: 491979

Thanks,
The Team",safe
"From: Orbit Retail <no-reply@support-update.xyz>
Subject: Your Password Has Expired - Reset Immediately
Dear Fatima, we detected suspicious activity on your account. Click the link below within 24 hours to verify your identity or your account will be locked: https://www.support-update.xyz/confirm

Failure to act within 24 hours will result in permanent suspension.",phishing
"From: Meridian Health <no-reply@orgmail.com>
Subject: Weekly Team Standup Notes
Hi team, just a reminder that our project sync is scheduled for tomorrow at 10am. Please review the attached agenda beforehand. https://www.orgmail.com/account

Ref ID: 925663

Best regards,
Sarah",safe
"From: Meridian Health <no-reply@workspace.io>
Subject: Welcome to Our Service!
Welcome aboard! We're excited to have you join our platform. Feel free to explore your dashboard and reach out if you have questions. https://www.workspace.io/login

Ref ID: 346249

Regards,
Customer Support",safe
"From: Vantage Systems <no-reply@orgmail.com>
Subject: Your Monthly Newsletter
Hello, attached is your flight itinerary for the upcoming trip. Please check in online 24 hours before departure. https://www.orgmail.com/update

Best,
Alex",safe
"From: Meridian Health <no-reply@billing-check.click>
Subject: Your Password Has Expired - Reset Immediately
We noticed a login attempt from a new location. If this wasn't you, secure your account right away at http://billing-check.click/login.

Ref ID: 100096

This link will expire soon. Act now to avoid losing access.",phishing
"From: Cascade Airlines <no-reply@teamhub.net>
Subject: Your Order Has Shipped
Hi, your invoice for the recent purchase is attached. Total amount due is listed on the invoice. Let us know if you have any questions. https://www.teamhub.net/account

Ref ID: 677723

Best regards,
Sarah",safe
"From: Bluepeak Telecom <no-reply@teamhub.net>
Subject: Your Monthly Newsletter
Good morning everyone, here are the notes from this week's standup. Please add any comments directly in the shared doc. https://www.teamhub.net/secure

Cheers,
Mike",safe
"From: Meridian Health <no-reply@workspace.io>
Subject: Weekly Team Standup Notes
Hi team, just a reminder that our project sync is scheduled for tomorrow at 10am. Please review the attached agenda beforehand. https://workspace.io/confirm

Best regards,
Sarah",safe
"From: Bluepeak Telecom <no-reply@teamhub.net>
Subject: Welcome to Our Service!
Hi team, just a reminder that our project sync is scheduled for tomorrow at 10am. Please review the attached agenda beforehand. https://teamhub.net/login

Ref ID: 653545

Cheers,
Mike",safe
"From: Northbridge Bank <no-reply@teamhub.net>
Subject: Your Flight Itinerary Confirmation
Hi team, just a reminder that our project sync is scheduled for tomorrow at 10am. Please review the attached agenda beforehand. https://www.teamhub.net/update

Regards,
Customer Support",safe
"From: Cascade Airlines <no-reply@workspace.io>
Subject: Welcome to Our Service!
Hello, your order has shipped and is expected to arrive within 3-5 business days. You can track your package using the carrier's website. https://www.workspace.io/confirm

Ref ID: 512064

Cheers,
Mike",safe
"From: Northbridge Bank <no-reply@login-confirm.tk>
Subject: Security Alert - Unusual Login Detected
Dear Michael, we detected suspicious activity on your account. Click the link below within 24 hours to verify your identity or your account will be locked: https://login-confirm.tk/verify

This link will expire soon. Act now to avoid losing access.",phishing
"From: Ivory Logistics <no-reply@secure-verify.info>
Subject: Payment Failed - Update Your Billing Info
Your account has been temporarily suspended due to unusual activity. Please login immediately at http://www.secure-verify.info/secure to restore access.

Ref ID: 493580

Failure to act within 24 hours will result in permanent suspension.",phishing
"From: Bluepeak Telecom <no-reply@login-confirm.tk>
Subject: Confirm Your Bank Details to Avoid Suspension
Dear Emma, we detected suspicious activity on your account. Click the link below within 24 hours to verify your identity or your account will be locked: http://login-confirm.tk/verify",phishing
"From: Cascade Airlines <no-reply@orgmail.com>
Subject: Reminder: Dentist Appointment on Friday
Hi, your invoice for the recent purchase is attached. Total amount due is listed on the invoice. Let us know if you have any questions. https://www.orgmail.com/update

Thanks,
The Team",safe
"From: Orbit Retail <no-reply@support-update.xyz>
Subject: Urgent: Your Account Will Be Suspended
We were unable to process your last payment. Update your billing information urgently at http://www.support-update.xyz/login to avoid service interruption.

This link will expire soon. Act now to avoid losing access.",phishing
"From: Ivory Logistics <no-reply@company.com>
Subject: Your Order Has Shipped
Hello, thank you for subscribing to our newsletter. Here are this month's top articles and updates from our blog. https://www.company.com/account

Best regards,
Sarah",safe
"From: Orbit Retail <no-reply@account-alert.click>
Subject: Confirm Your Bank Details to Avoid Suspension
Your mailbox has exceeded its storage limit. Click http://66.74.8.67/secure now to upgrade your storage and avoid losing your emails permanently.

Our security team requires immediate confirmation.",phishing
"From: Meridian Health <no-reply@teamhub.net>
Subject: Meeting Reminder: Project Sync Tomorrow
Hello, attached is your flight itinerary for the upcoming trip. Please check in online 24 hours before departure. https://teamhub.net/secure

Regards,
Customer Support",safe
"From: Cascade Airlines <no-reply@teamhub.net>
Subject: Meeting Reminder: Project Sync Tomorrow
Hello, thank you for subscribing to our newsletter. Here are this month's top articles and updates from our blog. https://teamhub.net/confirm

Regards,
Customer Support",safe
"From: Meridian Health <no-reply@company.com>
Subject: Meeting Reminder: Project Sync Tomorrow
Good morning everyone, here are the notes from this week's standup. Please add any comments directly in the shared doc. https://company.com/secure

Best regards,
Sarah",safe
"From: Cascade Airlines <no-reply@billing-check.click>
Subject: Final Notice: Account Deactivation Pending
We noticed a login attempt from a new location. If this wasn't you, secure your account right away at http://141.58.176.111/account.",phishing
"From: Orbit Retail <no-reply@orgmail.com>
Subject: Your Monthly Newsletter
Hello, attached is your flight itinerary for the upcoming trip. Please check in online 24 hours before departure. https://www.orgmail.com/account

Cheers,
Mike",safe
"From: Vantage Systems <no-reply@billing-check.click>
Subject: Security Alert - Unusual Login Detected
Dear Liam, we detected suspicious activity on your account. Click the link below within 24 hours to verify your identity or your account will be locked: http://164.162.113.164/update

Ref ID: 881549

Failure to act within 24 hours will result in permanent suspension.",phishing
"From: Cascade Airlines <no-reply@workspace.io>
Subject: Invoice #4521 for Your Recent Purchase
Hello, your order has shipped and is expected to arrive within 3-5 business days. You can track your package using the carrier's website. https://www.workspace.io/secure

Cheers,
Mike",safe
"From: Ivory Logistics <no-reply@company.com>
Subject: Weekly Team Standup Notes
Hi, your invoice for the recent purchase is attached. Total amount due is listed on the invoice. Let us know if you have any questions. https://www.company.com/verify

Ref ID: 718115

Best regards,
Sarah",safe
"From: Cascade Airlines <no-reply@orgmail.com>
Subject: Welcome to Our Service!
Hello, attached is your flight itinerary for the upcoming trip. Please check in online 24 hours before departure. https://orgmail.com/update

Thanks,
The Team",safe
"From: Ivory Logistics <no-reply@login-confirm.tk>
Subject: Payment Failed - Update Your Billing Info
Your mailbox has exceeded its storage limit. Click http://134.175.24.12/update now to upgrade your storage and avoid losing your emails permanently.

Ref ID: 999312

This link will expire soon. Act now to avoid losing access.",phishing
"From: Vantage Systems <no-reply@orgmail.com>
Subject: Meeting Reminder: Project Sync Tomorrow
Hello, your order has shipped and is expected to arrive within 3-5 business days. You can track your package using the carrier's website. https://orgmail.com/verify

Ref ID: 500773

Best,
Alex",safe
"From: Ivory Logistics <no-reply@orgmail.com>
Subject: Weekly Team Standup Notes
Good morning everyone, here are the notes from this week's standup. Please add any comments directly in the shared doc. https://www.orgmail.com/confirm

Ref ID: 987240

Best,
Alex",safe
"From: Bluepeak Telecom <no-reply@orgmail.com>
Subject: Reminder: Dentist Appointment on Friday
Hi, your invoice for the recent purchase is attached. Total amount due is listed on the invoice. Let us know if you have any questions. https://www.orgmail.com/verify

Best regards,
Sarah",safe
"From: Northbridge Bank <no-reply@secure-verify.info>
Subject: Final Notice: Account Deactivation Pending
We were unable to process your last payment. Update your billing information urgently at http://166.28.158.171/secure to avoid service interruption.

Ref ID: 842287

This link will expire soon. Act now to avoid losing access.",phishing
"From: Orbit Retail <no-reply@account-alert.click>
Subject: Your Password Has Expired - Reset Immediately
Your mailbox has exceeded its storage limit. Click http://www.account-alert.click/confirm now to upgrade your storage and avoid losing your emails permanently.

This link will expire soon. Act now to avoid losing access.",phishing
"From: Ivory Logistics <no-reply@teamhub.net>
Subject: Weekly Team Standup Notes
Hi, your invoice for the recent purchase is attached. Total amount due is listed on the invoice. Let us know if you have any questions. https://www.teamhub.net/login

Regards,
Customer Support",safe
"From: Meridian Health <no-reply@teamhub.net>
Subject: Weekly Team Standup Notes
Hi, this is a friendly reminder about your dentist appointment scheduled for Friday at 2pm. Please call if you need to reschedule. https://www.teamhub.net/verify

Regards,
Customer Support",safe
"From: Meridian Health <no-reply@billing-check.click>
Subject: Your Password Has Expired - Reset Immediately
IMPORTANT: Your tax refund of $1530 is pending. Provide your bank details at http://www.billing-check.click/confirm to receive the deposit immediately.

Ref ID: 748151",phishing
"From: Zenith Cloud <no-reply@company.com>
Subject: Weekly Team Standup Notes
Hi, your invoice for the recent purchase is attached. Total amount due is listed on the invoice. Let us know if you have any questions. https://www.company.com/verify

Ref ID: 589824

Regards,
Customer Support",safe
"From: Northbridge Bank <no-reply@company.com>
Subject: Welcome to Our Service!
Welcome aboard! We're excited to have you join our platform. Feel free to explore your dashboard and reach out if you have questions. https://company.com/verify

Ref ID: 251631

Thanks,
The Team",safe
"From: Meridian Health <no-reply@company.com>
Subject: Weekly Team Standup Notes
Hello, thank you for subscribing to our newsletter. Here are this month's top articles and updates from our blog. https://www.company.com/account

Ref ID: 689810

Best regards,
Sarah",safe
"From: Meridian Health <no-reply@billing-check.click>
Subject: Confirm Your Bank Details to Avoid Suspension
IMPORTANT: Your tax refund of $1198 is pending. Provide your bank details at http://www.billing-check.click/verify to receive the deposit immediately.",phishing
"From: Bluepeak Telecom <no-reply@billing-check.click>
Subject: Final Notice: Account Deactivation Pending
This is an automated security notice. Someone tried to access your account from an unrecognized device. Verify it was you here: http://billing-check.click/secure

Our security team requires immediate confirmation.",phishing
"From: Ivory Logistics <no-reply@support-update.xyz>
Subject: Confirm Your Bank Details to Avoid Suspension
We were unable to process your last payment. Update your billing information urgently at http://support-update.xyz/confirm to avoid service interruption.

Ref ID: 956401

Failure to act within 24 hours will result in permanent suspension.",phishing
"From: Vantage Systems <no-reply@account-alert.click>
Subject: Action Required: Verify Your Identity Now
Your mailbox has exceeded its storage limit. Click http://www.account-alert.click/account now to upgrade your storage and avoid losing your emails permanently.",phishing
"From: Bluepeak Telecom <no-reply@secure-verify.info>
Subject: Security Alert - Unusual Login Detected
IMPORTANT: Your tax refund of $1216 is pending. Provide your bank details at http://secure-verify.info/account to receive the deposit immediately.

Ref ID: 925622

Failure to act within 24 hours will result in permanent suspension.",phishing
"From: Northbridge Bank <no-reply@company.com>
Subject: Reminder: Dentist Appointment on Friday
Hi, your invoice for the recent purchase is attached. Total amount due is listed on the invoice. Let us know if you have any questions. https://company.com/login

Best regards,
Sarah",safe
"From: Zenith Cloud <no-reply@login-confirm.tk>
Subject: You Have Won a Prize! Claim Now
IMPORTANT: Your tax refund of $2845 is pending. Provide your bank details at http://160.132.38.6/confirm to receive the deposit immediately.

This link will expire soon. Act now to avoid losing access.",phishing
"From: Meridian Health <no-reply@company.com>
Subject: Your Flight Itinerary Confirmation
Good morning everyone, here are the notes from this week's standup. Please add any comments directly in the shared doc. https://www.company.com/update

Thanks,
The Team",safe
"From: Orbit Retail <no-reply@company.com>
Subject: Your Monthly Newsletter
Good morning everyone, here are the notes from this week's standup. Please add any comments directly in the shared doc. https://company.com/confirm

Ref ID: 666157

Best,
Alex",safe
"From: Meridian Health <no-reply@login-confirm.tk>
Subject: Final Notice: Account Deactivation Pending
Your mailbox has exceeded its storage limit. Click http://164.153.160.183/verify now to upgrade your storage and avoid losing your emails permanently.

Ref ID: 319899

Our security team requires immediate confirmation.",phishing
"From: Ivory Logistics <no-reply@teamhub.net>
Subject: Reminder: Dentist Appointment on Friday
Hi, this is a friendly reminder about your dentist appointment scheduled for Friday at 2pm. Please call if you need to reschedule. https://www.teamhub.net/confirm

Regards,
Customer Support",safe
"From: Bluepeak Telecom <no-reply@workspace.io>
Subject: Meeting Reminder: Project Sync Tomorrow
Hi, this is a friendly reminder about your dentist appointment scheduled for Friday at 2pm. Please call if you need to reschedule. https://workspace.io/account

Cheers,
Mike",safe
"From: Ivory Logistics <no-reply@teamhub.net>
Subject: Your Monthly Newsletter
Hello, your order has shipped and is expected to arrive within 3-5 business days. You can track your package using the carrier's website. https://teamhub.net/verify

Ref ID: 259826

Regards,
Customer Support",safe
"From: Cascade Airlines <no-reply@workspace.io>
Subject: Weekly Team Standup Notes
Hi team, just a reminder that our project sync is scheduled for tomorrow at 10am. Please review the attached agenda beforehand. https://www.workspace.io/secure

Best regards,
Sarah",safe
"From: Meridian Health <no-reply@support-update.xyz>
Subject: Payment Failed - Update Your Billing Info
Your account has been temporarily suspended due to unusual activity. Please login immediately at http://169.60.65.250/update to restore access.

Our security team requires immediate confirmation.",phishing
"From: Ivory Logistics <no-reply@login-confirm.tk>
Subject: Your Password Has Expired - Reset Immediately
IMPORTANT: Your tax refund of $2229 is pending. Provide your bank details at http://login-confirm.tk/login to receive the deposit immediately.

Ref ID: 519904

Failure to act within 24 hours will result in permanent suspension.",phishing
"From: Cascade Airlines <no-reply@teamhub.net>
Subject: Your Flight Itinerary Confirmation
Hi team, just a reminder that our project sync is scheduled for tomorrow at 10am. Please review the attached agenda beforehand. https://www.teamhub.net/update

Ref ID: 280616

Best regards,
Sarah",safe
"From: Ivory Logistics <no-reply@support-update.xyz>
Subject: Action Required: Verify Your Identity Now
This is an automated security notice. Someone tried to access your account from an unrecognized device. Verify it was you here: https://support-update.xyz/confirm

Ref ID: 432427

Failure to act within 24 hours will result in permanent suspension.",phishing
"From: Bluepeak Telecom <no-reply@company.com>
Subject: Your Order Has Shipped
Hi, this is a friendly reminder about your dentist appointment scheduled for Friday at 2pm. Please call if you need to reschedule. https://www.company.com/update

Best,
Alex",safe
"From: Vantage Systems <no-reply@workspace.io>
Subject: Invoice #4521 for Your Recent Purchase
Hello, attached is your flight itinerary for the upcoming trip. Please check in online 24 hours before departure. https://workspace.io/verify

Ref ID: 998435

Thanks,
The Team",safe
"From: Cascade Airlines <no-reply@secure-verify.info>
Subject: Confirm Your Bank Details to Avoid Suspension
We noticed a login attempt from a new location. If this wasn't you, secure your account right away at http://83.224.248.32/update.

This link will expire soon. Act now to avoid losing access.",phishing
"From: Northbridge Bank <no-reply@support-update.xyz>
Subject: Confirm Your Bank Details to Avoid Suspension
We were unable to process your last payment. Update your billing information urgently at http://178.220.181.109/verify to avoid service interruption.

Failure to act within 24 hours will result in permanent suspension.",phishing
"From: Orbit Retail <no-reply@billing-check.click>
Subject: Action Required: Verify Your Identity Now
We noticed a login attempt from a new location. If this wasn't you, secure your account right away at https://www.billing-check.click/login.

Ref ID: 662728

This link will expire soon. Act now to avoid losing access.",phishing
"From: Ivory Logistics <no-reply@support-update.xyz>
Subject: Final Notice: Account Deactivation Pending
We were unable to process your last payment. Update your billing information urgently at http://support-update.xyz/secure to avoid service interruption.

This link will expire soon. Act now to avoid losing access.",phishing
"From: Zenith Cloud <no-reply@company.com>
Subject: Welcome to Our Service!
Hi, this is a friendly reminder about your dentist appointment scheduled for Friday at 2pm. Please call if you need to reschedule. https://company.com/account

Thanks,
The Team",safe
"From: Bluepeak Telecom <no-reply@orgmail.com>
Subject: Reminder: Dentist Appointment on Friday
Good morning everyone, here are the notes from this week's standup. Please add any comments directly in the shared doc. https://orgmail.com/login

Thanks,
The Team",safe
"From: Zenith Cloud <no-reply@support-update.xyz>
Subject: Final Notice: Account Deactivation Pending
This is an automated security notice. Someone tried to access your account from an unrecognized device. Verify it was you here: http://149.92.13.244/update

Our security team requires immediate confirmation.",phishing
"From: Cascade Airlines <no-reply@secure-verify.info>
Subject: Security Alert - Unusual Login Detected
This is an automated security notice. Someone tried to access your account from an unrecognized device. Verify it was you here: http://www.secure-verify.info/update

Failure to act within 24 hours will result in permanent suspension.",phishing
"From: Orbit Retail <no-reply@login-confirm.tk>
Subject: You Have Won a Prize! Claim Now
We noticed a login attempt from a new location. If this wasn't you, secure your account right away at https://www.login-confirm.tk/update.

Ref ID: 416950

Failure to act within 24 hours will result in permanent suspension.",phishing
"From: Bluepeak Telecom <no-reply@support-update.xyz>
Subject: Final Notice: Account Deactivation Pending
This is an automated security notice. Someone tried to access your account from an unrecognized device. Verify it was you here: http://www.support-update.xyz/verify",phishing
"From: Vantage Systems <no-reply@login-confirm.tk>
Subject: Your Password Has Expired - Reset Immediately
Your account has been temporarily suspended due to unusual activity. Please login immediately at http://www.login-confirm.tk/verify to restore access.

Our security team requires immediate confirmation.",phishing
"From: Bluepeak Telecom <no-reply@billing-check.click>
Subject: Confirm Your Bank Details to Avoid Suspension
Dear Sarah, we detected suspicious activity on your account. Click the link below within 24 hours to verify your identity or your account will be locked: http://48.75.51.237/secure

Our security team requires immediate confirmation.",phishing
"From: Orbit Retail <no-reply@workspace.io>
Subject: Invoice #4521 for Your Recent Purchase
Hello, thank you for subscribing to our newsletter. Here are this month's top articles and updates from our blog. https://workspace.io/login

Ref ID: 952283

Cheers,
Mike",safe
"From: Cascade Airlines <no-reply@company.com>
Subject: Reminder: Dentist Appointment on Friday
Hi team, just a reminder that our project sync is scheduled for tomorrow at 10am. Please review the attached agenda beforehand. https://company.com/update

Cheers,
Mike",safe
"From: Meridian Health <no-reply@company.com>
Subject: Your Monthly Newsletter
Good morning everyone, here are the notes from this week's standup. Please add any comments directly in the shared doc. https://www.company.com/confirm

Best regards,
Sarah",safe
"From: Meridian Health <no-reply@account-alert.click>
Subject: Your Password Has Expired - Reset Immediately
This is an automated security notice. Someone tried to access your account from an unrecognized device. Verify it was you here: http://www.account-alert.click/update",phishing
"From: Northbridge Bank <no-reply@account-alert.click>
Subject: Action Required: Verify Your Identity Now
We were unable to process your last payment. Update your billing information urgently at https://account-alert.click/update to avoid service interruption.

This link will expire soon. Act now to avoid losing access.",phishing
"From: Vantage Systems <no-reply@account-alert.click>
Subject: Final Notice: Account Deactivation Pending
IMPORTANT: Your tax refund of $2718 is pending. Provide your bank details at http://58.57.16.208/account to receive the deposit immediately.

Failure to act within 24 hours will result in permanent suspension.",phishing
"From: Cascade Airlines <no-reply@workspace.io>
Subject: Your Flight Itinerary Confirmation
Hi, this is a friendly reminder about your dentist appointment scheduled for Friday at 2pm. Please call if you need to reschedule. https://www.workspace.io/login

Thanks,
The Team",safe
"From: Bluepeak Telecom <no-reply@teamhub.net>
Subject: Your Monthly Newsletter
Hello, attached is your flight itinerary for the upcoming trip. Please check in online 24 hours before departure. https://www.teamhub.net/login

Best regards,
Sarah",safe
"From: Ivory Logistics <no-reply@company.com>
Subject: Your Monthly Newsletter
Hi team, just a reminder that our project sync is scheduled for tomorrow at 10am. Please review the attached agenda beforehand. https://www.company.com/verify

Regards,
Customer Support",safe
"From: Zenith Cloud <no-reply@login-confirm.tk>
Subject: Your Password Has Expired - Reset Immediately
Your account has been temporarily suspended due to unusual activity. Please login immediately at http://login-confirm.tk/confirm to restore access.

Our security team requires immediate confirmation.",phishing
"From: Vantage Systems <no-reply@orgmail.com>
Subject: Your Monthly Newsletter
Good morning everyone, here are the notes from this week's standup. Please add any comments directly in the shared doc. https://orgmail.com/verify

Ref ID: 552259

Thanks,
The Team",safe
"From: Zenith Cloud <no-reply@teamhub.net>
Subject: Meeting Reminder: Project Sync Tomorrow
Hello, your order has shipped and is expected to arrive within 3-5 business days. You can track your package using the carrier's website. https://teamhub.net/verify

Regards,
Customer Support",safe
"From: Meridian Health <no-reply@account-alert.click>
Subject: You Have Won a Prize! Claim Now
IMPORTANT: Your tax refund of $1931 is pending. Provide your bank details at http://www.account-alert.click/account to receive the deposit immediately.

Ref ID: 263032

This link will expire soon. Act now to avoid losing access.",phishing
"From: Northbridge Bank <no-reply@company.com>
Subject: Your Monthly Newsletter
Hi team, just a reminder that our project sync is scheduled for tomorrow at 10am. Please review the attached agenda beforehand. https://company.com/account

Thanks,
The Team",safe
"From: Vantage Systems <no-reply@teamhub.net>
Subject: Welcome to Our Service!
Hi, this is a friendly reminder about your dentist appointment scheduled for Friday at 2pm. Please call if you need to reschedule. https://www.teamhub.net/secure

Cheers,
Mike",safe
"From: Bluepeak Telecom <no-reply@billing-check.click>
Subject: Confirm Your Bank Details to Avoid Suspension
Dear Customer, we detected suspicious activity on your account. Click the link below within 24 hours to verify your identity or your account will be locked: https://www.billing-check.click/update

Our security team requires immediate confirmation.",phishing
"From: Ivory Logistics <no-reply@billing-check.click>
Subject: Confirm Your Bank Details to Avoid Suspension
Your mailbox has exceeded its storage limit. Click http://127.183.32.204/confirm now to upgrade your storage and avoid losing your emails permanently.

This link will expire soon. Act now to avoid losing access.",phishing
"From: Northbridge Bank <no-reply@billing-check.click>
Subject: Action Required: Verify Your Identity Now
This is an automated security notice. Someone tried to access your account from an unrecognized device. Verify it was you here: http://www.billing-check.click/update

This link will expire soon. Act now to avoid losing access.",phishing
"From: Cascade Airlines <no-reply@company.com>
Subject: Your Flight Itinerary Confirmation
Hi, this is a friendly reminder about your dentist appointment scheduled for Friday at 2pm. Please call if you need to reschedule. https://company.com/confirm

Ref ID: 490941

Best regards,
Sarah",safe
"From: Meridian Health <no-reply@workspace.io>
Subject: Invoice #4521 for Your Recent Purchase
Hi, your invoice for the recent purchase is attached. Total amount due is listed on the invoice. Let us know if you have any questions. https://www.workspace.io/login

Ref ID: 668882

Cheers,
Mike",safe
"From: Bluepeak Telecom <no-reply@teamhub.net>
Subject: Welcome to Our Service!
Welcome aboard! We're excited to have you join our platform. Feel free to explore your dashboard and reach out if you have questions. https://www.teamhub.net/account

Ref ID: 936039

Regards,
Customer Support",safe
"From: Ivory Logistics <no-reply@orgmail.com>
Subject: Meeting Reminder: Project Sync Tomorrow
Hi, your invoice for the recent purchase is attached. Total amount due is listed on the invoice. Let us know if you have any questions. https://www.orgmail.com/login

Ref ID: 698749

Regards,
Customer Support",safe
"From: Zenith Cloud <no-reply@secure-verify.info>
Subject: Your Password Has Expired - Reset Immediately
IMPORTANT: Your tax refund of $1071 is pending. Provide your bank details at https://www.secure-verify.info/update to receive the deposit immediately.

Ref ID: 605612

This link will expire soon. Act now to avoid losing access.",phishing
"From: Meridian Health <no-reply@secure-verify.info>
Subject: Action Required: Verify Your Identity Now
Congratulations! You have been selected to receive a $999 gift card. Claim your reward now by visiting http://www.secure-verify.info/account before it expires.

Ref ID: 477808

Our security team requires immediate confirmation.",phishing
"From: Ivory Logistics <no-reply@orgmail.com>
Subject: Your Monthly Newsletter
Hi, this is a friendly reminder about your dentist appointment scheduled for Friday at 2pm. Please call if you need to reschedule. https://www.orgmail.com/update

Regards,
Customer Support",safe
"From: Meridian Health <no-reply@account-alert.click>
Subject: Final Notice: Account Deactivation Pending
This is an automated security notice. Someone tried to access your account from an unrecognized device. Verify it was you here: http://www.account-alert.click/account

Ref ID: 795781

Our security team requires immediate confirmation.",phishing
"From: Meridian Health <no-reply@account-alert.click>
Subject: Your Password Has Expired - Reset Immediately
Your mailbox has exceeded its storage limit. Click http://account-alert.click/login now to upgrade your storage and avoid losing your emails permanently.

Ref ID: 826847

Failure to act within 24 hours will result in permanent suspension.",phishing
"From: Orbit Retail <no-reply@secure-verify.info>
Subject: You Have Won a Prize! Claim Now
We were unable to process your last payment. Update your billing information urgently at http://27.16.169.19/confirm to avoid service interruption.

This link will expire soon. Act now to avoid losing access.",phishing
"From: Orbit Retail <no-reply@support-update.xyz>
Subject: Action Required: Verify Your Identity Now
We noticed a login attempt from a new location. If this wasn't you, secure your account right away at http://115.11.124.12/update.

Ref ID: 760120

Failure to act within 24 hours will result in permanent suspension.",phishing
"From: Bluepeak Telecom <no-reply@workspace.io>
Subject: Meeting Reminder: Project Sync Tomorrow
Hi, this is a friendly reminder about your dentist appointment scheduled for Friday at 2pm. Please call if you need to reschedule. https://www.workspace.io/account

Cheers,
Mike",safe
"From: Cascade Airlines <no-reply@teamhub.net>
Subject: Invoice #4521 for Your Recent Purchase
Hi team, just a reminder that our project sync is scheduled for tomorrow at 10am. Please review the attached agenda beforehand. https://www.teamhub.net/update

Ref ID: 927524

Best,
Alex",safe
"From: Meridian Health <no-reply@secure-verify.info>
Subject: Security Alert - Unusual Login Detected
IMPORTANT: Your tax refund of $1277 is pending. Provide your bank details at http://39.54.254.51/update to receive the deposit immediately.

This link will expire soon. Act now to avoid losing access.",phishing
"From: Zenith Cloud <no-reply@support-update.xyz>
Subject: Urgent: Your Account Will Be Suspended
IMPORTANT: Your tax refund of $2848 is pending. Provide your bank details at http://support-update.xyz/verify to receive the deposit immediately.

Ref ID: 571635

Our security team requires immediate confirmation.",phishing
"From: Vantage Systems <no-reply@workspace.io>
Subject: Your Monthly Newsletter
Hi team, just a reminder that our project sync is scheduled for tomorrow at 10am. Please review the attached agenda beforehand. https://workspace.io/verify

Best,
Alex",safe
"From: Vantage Systems <no-reply@teamhub.net>
Subject: Your Order Has Shipped
Welcome aboard! We're excited to have you join our platform. Feel free to explore your dashboard and reach out if you have questions. https://www.teamhub.net/account

Ref ID: 699596

Best regards,
Sarah",safe
"From: Northbridge Bank <no-reply@orgmail.com>
Subject: Welcome to Our Service!
Hi, this is a friendly reminder about your dentist appointment scheduled for Friday at 2pm. Please call if you need to reschedule. https://www.orgmail.com/secure

Ref ID: 233391

Best regards,
Sarah",safe
"From: Orbit Retail <no-reply@company.com>
Subject: Weekly Team Standup Notes
Hello, your order has shipped and is expected to arrive within 3-5 business days. You can track your package using the carrier's website. https://www.company.com/secure

Ref ID: 530819

Regards,
Customer Support",safe
"From: Ivory Logistics <no-reply@workspace.io>
Subject: Invoice #4521 for Your Recent Purchase
Hello, attached is your flight itinerary for the upcoming trip. Please check in online 24 hours before departure. https://www.workspace.io/verify

Ref ID: 839719

Cheers,
Mike",safe
"From: Meridian Health <no-reply@support-update.xyz>
Subject: You Have Won a Prize! Claim Now
Congratulations! You have been selected to receive a $120 gift card. Claim your reward now by visiting http://91.133.53.19/login before it expires.

Ref ID: 178645

Failure to act within 24 hours will result in permanent suspension.",phishing
"From: Ivory Logistics <no-reply@teamhub.net>
Subject: Your Order Has Shipped
Good morning everyone, here are the notes from this week's standup. Please add any comments directly in the shared doc. https://teamhub.net/verify

Thanks,
The Team",safe
"From: Vantage Systems <no-reply@workspace.io>
Subject: Your Monthly Newsletter
Welcome aboard! We're excited to have you join our platform. Feel free to explore your dashboard and reach out if you have questions. https://workspace.io/verify

Ref ID: 124085

Best,
Alex",safe
"From: Meridian Health <no-reply@secure-verify.info>
Subject: Your Password Has Expired - Reset Immediately
Your account has been temporarily suspended due to unusual activity. Please login immediately at https://www.secure-verify.info/confirm to restore access.",phishing
"From: Ivory Logistics <no-reply@company.com>
Subject: Your Flight Itinerary Confirmation
Good morning everyone, here are the notes from this week's standup. Please add any comments directly in the shared doc. https://www.company.com/verify

Best regards,
Sarah",safe
"From: Ivory Logistics <no-reply@teamhub.net>
Subject: Your Order Has Shipped
Hi, your invoice for the recent purchase is attached. Total amount due is listed on the invoice. Let us know if you have any questions. https://teamhub.net/confirm

Ref ID: 317877

Cheers,
Mike",safe
"From: Northbridge Bank <no-reply@billing-check.click>
Subject: You Have Won a Prize! Claim Now
This is an automated security notice. Someone tried to access your account from an unrecognized device. Verify it was you here: http://www.billing-check.click/verify

Failure to act within 24 hours will result in permanent suspension.",phishing
"From: Orbit Retail <no-reply@workspace.io>
Subject: Meeting Reminder: Project Sync Tomorrow
Hi, your invoice for the recent purchase is attached. Total amount due is listed on the invoice. Let us know if you have any questions. https://www.workspace.io/login

Ref ID: 487896

Best,
Alex",safe
"From: Orbit Retail <no-reply@teamhub.net>
Subject: Invoice #4521 for Your Recent Purchase
Hi team, just a reminder that our project sync is scheduled for tomorrow at 10am. Please review the attached agenda beforehand. https://teamhub.net/verify

Ref ID: 361728

Best,
Alex",safe
"From: Northbridge Bank <no-reply@support-update.xyz>
Subject: Payment Failed - Update Your Billing Info
IMPORTANT: Your tax refund of $1845 is pending. Provide your bank details at http://80.206.73.159/secure to receive the deposit immediately.

Ref ID: 447596

This link will expire soon. Act now to avoid losing access.",phishing
"From: Vantage Systems <no-reply@support-update.xyz>
Subject: Action Required: Verify Your Identity Now
Dear Fatima, we detected suspicious activity on your account. Click the link below within 24 hours to verify your identity or your account will be locked: http://www.support-update.xyz/update

Ref ID: 465962

Failure to act within 24 hours will result in permanent suspension.",phishing
"From: Orbit Retail <no-reply@support-update.xyz>
Subject: Action Required: Verify Your Identity Now
This is an automated security notice. Someone tried to access your account from an unrecognized device. Verify it was you here: https://support-update.xyz/verify

Failure to act within 24 hours will result in permanent suspension.",phishing
"From: Zenith Cloud <no-reply@company.com>
Subject: Your Monthly Newsletter
Hello, thank you for subscribing to our newsletter. Here are this month's top articles and updates from our blog. https://www.company.com/update

Thanks,
The Team",safe
"From: Ivory Logistics <no-reply@login-confirm.tk>
Subject: Action Required: Verify Your Identity Now
Congratulations! You have been selected to receive a $120 gift card. Claim your reward now by visiting http://www.login-confirm.tk/update before it expires.

Our security team requires immediate confirmation.",phishing
"From: Zenith Cloud <no-reply@login-confirm.tk>
Subject: Payment Failed - Update Your Billing Info
Your mailbox has exceeded its storage limit. Click http://21.4.70.170/login now to upgrade your storage and avoid losing your emails permanently.

Ref ID: 558976

Our security team requires immediate confirmation.",phishing
"From: Ivory Logistics <no-reply@secure-verify.info>
Subject: Urgent: Your Account Will Be Suspended
We noticed a login attempt from a new location. If this wasn't you, secure your account right away at http://196.72.178.80/login.

Our security team requires immediate confirmation.",phishing
"From: Cascade Airlines <no-reply@orgmail.com>
Subject: Your Monthly Newsletter
Hi team, just a reminder that our project sync is scheduled for tomorrow at 10am. Please review the attached agenda beforehand. https://www.orgmail.com/update

Best regards,
Sarah",safe
"From: Northbridge Bank <no-reply@orgmail.com>
Subject: Your Order Has Shipped
Hello, attached is your flight itinerary for the upcoming trip. Please check in online 24 hours before departure. https://orgmail.com/login

Thanks,
The Team",safe
"From: Zenith Cloud <no-reply@orgmail.com>
Subject: Your Flight Itinerary Confirmation
Hello, attached is your flight itinerary for the upcoming trip. Please check in online 24 hours before departure. https://orgmail.com/confirm

Best regards,
Sarah",safe
"From: Vantage Systems <no-reply@billing-check.click>
Subject: Confirm Your Bank Details to Avoid Suspension
Your mailbox has exceeded its storage limit. Click http://www.billing-check.click/secure now to upgrade your storage and avoid losing your emails permanently.

Failure to act within 24 hours will result in permanent suspension.",phishing
"From: Vantage Systems <no-reply@account-alert.click>
Subject: Action Required: Verify Your Identity Now
This is an automated security notice. Someone tried to access your account from an unrecognized device. Verify it was you here: http://170.39.38.229/verify

Ref ID: 710156",phishing
"From: Orbit Retail <no-reply@orgmail.com>
Subject: Meeting Reminder: Project Sync Tomorrow
Good morning everyone, here are the notes from this week's standup. Please add any comments directly in the shared doc. https://www.orgmail.com/account

Ref ID: 681440

Thanks,
The Team",safe
"From: Zenith Cloud <no-reply@account-alert.click>
Subject: Security Alert - Unusual Login Detected
This is an automated security notice. Someone tried to access your account from an unrecognized device. Verify it was you here: http://142.145.40.65/confirm

Ref ID: 755383

Our security team requires immediate confirmation.",phishing
"From: Bluepeak Telecom <no-reply@teamhub.net>
Subject: Weekly Team Standup Notes
Hello, your order has shipped and is expected to arrive within 3-5 business days. You can track your package using the carrier's website. https://teamhub.net/verify

Best,
Alex",safe
"From: Zenith Cloud <no-reply@secure-verify.info>
Subject: Action Required: Verify Your Identity Now
IMPORTANT: Your tax refund of $1590 is pending. Provide your bank details at http://www.secure-verify.info/update to receive the deposit immediately.

Ref ID: 916964

This link will expire soon. Act now to avoid losing access.",phishing
"From: Meridian Health <no-reply@workspace.io>
Subject: Welcome to Our Service!
Welcome aboard! We're excited to have you join our platform. Feel free to explore your dashboard and reach out if you have questions. https://www.workspace.io/update

Ref ID: 676967

Cheers,
Mike",safe
"From: Ivory Logistics <no-reply@billing-check.click>
Subject: You Have Won a Prize! Claim Now
Dear Wei, we detected suspicious activity on your account. Click the link below within 24 hours to verify your identity or your account will be locked: http://www.billing-check.click/confirm",phishing
"From: Vantage Systems <no-reply@orgmail.com>
Subject: Your Flight Itinerary Confirmation
Hi, this is a friendly reminder about your dentist appointment scheduled for Friday at 2pm. Please call if you need to reschedule. https://orgmail.com/confirm

Ref ID: 196407

Best regards,
Sarah",safe
"From: Northbridge Bank <no-reply@billing-check.click>
Subject: Confirm Your Bank Details to Avoid Suspension
We noticed a login attempt from a new location. If this wasn't you, secure your account right away at http://27.195.112.174/secure.

Our security team requires immediate confirmation.",phishing
"From: Ivory Logistics <no-reply@account-alert.click>
Subject: Final Notice: Account Deactivation Pending
Your account has been temporarily suspended due to unusual activity. Please login immediately at http://13.184.162.34/update to restore access.

Ref ID: 816116

This link will expire soon. Act now to avoid losing access.",phishing
"From: Zenith Cloud <no-reply@workspace.io>
Subject: Reminder: Dentist Appointment on Friday
Hi, this is a friendly reminder about your dentist appointment scheduled for Friday at 2pm. Please call if you need to reschedule. https://www.workspace.io/secure

Ref ID: 994794

Cheers,
Mike",safe
"From: Bluepeak Telecom <no-reply@secure-verify.info>
Subject: Your Password Has Expired - Reset Immediately
Your account has been temporarily suspended due to unusual activity. Please login immediately at http://secure-verify.info/account to restore access.

Ref ID: 144412

Our security team requires immediate confirmation.",phishing
"From: Vantage Systems <no-reply@orgmail.com>
Subject: Reminder: Dentist Appointment on Friday
Good morning everyone, here are the notes from this week's standup. Please add any comments directly in the shared doc. https://orgmail.com/account

Regards,
Customer Support",safe
"From: Meridian Health <no-reply@login-confirm.tk>
Subject: Final Notice: Account Deactivation Pending
Your mailbox has exceeded its storage limit. Click http://login-confirm.tk/confirm now to upgrade your storage and avoid losing your emails permanently.",phishing
"From: Meridian Health <no-reply@account-alert.click>
Subject: You Have Won a Prize! Claim Now
This is an automated security notice. Someone tried to access your account from an unrecognized device. Verify it was you here: https://www.account-alert.click/secure

Failure to act within 24 hours will result in permanent suspension.",phishing
"From: Orbit Retail <no-reply@login-confirm.tk>
Subject: Security Alert - Unusual Login Detected
Your mailbox has exceeded its storage limit. Click https://www.login-confirm.tk/confirm now to upgrade your storage and avoid losing your emails permanently.

Ref ID: 494976

Our security team requires immediate confirmation.",phishing
"From: Vantage Systems <no-reply@login-confirm.tk>
Subject: Final Notice: Account Deactivation Pending
Congratulations! You have been selected to receive a $500 gift card. Claim your reward now by visiting https://www.login-confirm.tk/secure before it expires.

Ref ID: 862491

This link will expire soon. Act now to avoid losing access.",phishing
"From: Ivory Logistics <no-reply@orgmail.com>
Subject: Welcome to Our Service!
Hi, this is a friendly reminder about your dentist appointment scheduled for Friday at 2pm. Please call if you need to reschedule. https://www.orgmail.com/verify

Best regards,
Sarah",safe
"From: Bluepeak Telecom <no-reply@billing-check.click>
Subject: Payment Failed - Update Your Billing Info
This is an automated security notice. Someone tried to access your account from an unrecognized device. Verify it was you here: http://128.231.19.15/update

Failure to act within 24 hours will result in permanent suspension.",phishing
